,subsizes,<S>,<S^2>,<S>_typ,<S>_deg,<S>_all
0,1,0.5623351446188083,2.7755575615628914e-16,0.0,0.0,0.5623351446188084
1,2,1.0729126884567055,0.0019599788655815242,0.0,0.0,1.0734512306916657
2,3,1.5017288245366776,0.011187294842981643,0.0,0.0,1.5027349658136389
3,4,1.839879721001306,0.028489932253406014,0.0,0.0,1.8411113990667476
4,5,2.0904989017770577,0.04940237978518969,0.0,0.0,2.0917176085640476
5,6,2.263321796434222,0.06954756648237659,0.0,0.0,2.26449086728679
6,7,2.3644206174801305,0.08433650048067953,0.0,0.0,2.365604929863131
7,8,2.397578202632893,0.0898357281226545,0.0,0.0,2.39878410738463
