,subsizes,<S>,<S^2>,<S>_typ,<S>_deg,<S>_all
0,1,0.6853142072764586,-3.885780586188048e-16,0.0,0.0,0.6853142072764586
1,2,1.3527639769866473,0.0006419095604768277,0.0,0.0,1.3526827966218795
2,3,1.9523862734060295,0.006237346220592688,0.0,0.0,1.9523323065802933
3,4,2.4657047567460193,0.024439079115400553,0.0,0.0,2.4658495563577687
4,5,2.8794023123966745,0.058026754514735046,0.0,0.0,2.8797792151640422
5,6,3.1792610896126576,0.0985027241302614,0.0,0.0,3.1797576249164607
6,7,3.3616966647783517,0.13472680182949226,0.0,0.0,3.362232714243463
7,8,3.4223876275967435,0.14940280243825477,0.0,0.0,3.4229573297174443
