,subsizes,<S>,<S^2>,<S>_typ,<S>_deg,<S>_all
0,1,0.6645344115683623,0.0016428908241888363,0.0,0.6535141111176486,0.6645757944680475
1,2,1.3075706936930576,0.007551758043717216,0.0,1.2890208894966761,1.3083606202897382
2,3,1.8887710064801786,0.02212920555899034,0.0,1.8703400639993104,1.8918992737657214
3,4,2.3941848923343785,0.05145754938675662,0.0,2.3844951830848524,2.4015241832004866
4,5,2.8168920217626314,0.09812657228456168,0.0,2.8226660473098946,2.829700913557533
5,6,3.1496065847640042,0.15673729141842507,0.0,3.1745769601253913,3.168439166677348
6,7,3.389662651058554,0.21689532350351648,0.0,3.433457266619813,3.4140867856786916
7,8,3.534003509827423,0.26254452948291096,0.0,3.5917302472792714,3.5624808302471784
8,9,3.5822687693351227,0.2801874089230232,0.0,3.645466101263719,3.612338328097593
