,subsizes,<S>,<S^2>,<S>_typ,<S>_deg,<S>_all
0,1,0.6645344115683623,0.0016428908241888363,0.0,,0.6645453429480227
1,2,1.3075706936930576,0.007551758043717216,0.0,,1.308340663771563
2,3,1.8887710064801786,0.02212920555899034,0.0,,1.8918887577140662
3,4,2.3941848923343785,0.05145754938675662,0.0,,2.401522033460589
4,5,2.8168920217626314,0.09812657228456168,0.0,,2.829705551039158
5,6,3.1496065847640042,0.15673729141842507,0.0,,3.1684493121511488
6,7,3.389662651058554,0.21689532350351648,0.0,,3.4141009189289035
7,8,3.534003509827423,0.26254452948291096,0.0,,3.5624974584157694
8,9,3.5822687693351227,0.2801874089230232,0.0,,3.6123558575531183
