,subsizes,<S>,<S^2>,<S>_typ,<S>_deg,<S>_all
0,1,0.6645344115683623,0.0016428908241887807,0.0,2.1862759320714024e-05,0.6645453429480227
1,2,1.308970928848901,0.007800551239487197,0.0,4.285276301956505e-05,1.30901103704195
2,3,1.8938040412484345,0.02336218596322226,0.0,6.228911155562315e-05,1.8938933359275187
3,4,2.404699211978406,0.054682392256721,0.0,7.973261225843806e-05,2.4048524156992097
4,5,2.8337094307604023,0.10415317059934992,0.0,9.396865643661042e-05,2.833913831661838
5,6,3.1727304505540936,0.16597137783462124,0.0,0.00010592017356163889,3.1729704064926865
6,7,3.4182084237171817,0.2291989119234472,0.0,0.00011400312578928636,3.4184713966698475
7,8,3.566210292834272,0.2770348917032983,0.0,0.00011958512425099708,3.566487523486128
8,9,3.6159441786946327,0.29566103734092763,0.0,0.00012103386224798829,3.6162239463390327
