,subsizes,<S>,<S^2>,<S>_typ,<S>_deg,<S>_all
0,1,0.6645344115683623,0.0016428908241887807,0.0,2.1862759320714024e-05,0.6645453429480227
1,2,1.3089884337419395,0.00779028545096927,0.0,4.285276301956505e-05,1.30901103704195
2,3,1.8938567822687584,0.02333452758613852,0.0,6.153381337309407e-05,1.8938933359275187
3,4,2.404802898300444,0.054623956962094766,0.0,7.607733180989626e-05,2.4048524156992097
4,5,2.833853606671046,0.1040662430753283,0.0,8.457923225175718e-05,2.833913831661838
5,6,3.172901068260709,0.16586688453407206,0.0,9.124574026022756e-05,3.1729704064926865
6,7,3.4183958448974345,0.2290744215106848,0.0,9.409909621897148e-05,3.4184713966698475
7,8,3.56640765767597,0.2768930223261865,0.0,9.574998723815324e-05,3.566487523486128
8,9,3.6161429322953222,0.2955170577981967,0.0,9.629106378942065e-05,3.6162239463390327
