,subsizes,<S>,<S^2>,<S>_typ,<S>_deg,<S>_all
0,1,0.45056120886630485,8.326672684688674e-17,0.0,0.0,0.45056120886630485
1,2,0.8687324159304899,0.001002377788991149,0.0,0.0,0.8687324159304899
2,3,1.2091966184187135,0.006744762867748166,0.0,0.0,1.2091966184187135
3,4,1.4645202086058162,0.01342746662116312,0.0,0.0,1.4645202086058162
4,5,1.66061467019447,0.021488082012089738,0.0,0.0,1.66061467019447
5,6,1.8075826181880612,0.0299620409898691,0.0,0.0,1.8075826181880612
6,7,1.9092215832459287,0.03751040294743735,0.0,0.0,1.9092215832459287
7,8,1.9689171968891532,0.04253414568296687,0.0,0.0,1.9689171968891532
8,9,1.9884448908956296,0.04430584920597269,0.0,0.0,1.9884448908956296
