,subsizes,<S>,<S^2>,<S>_typ,<S>_deg,<S>_all
0,1,0.636514168294813,0.0,0.0,0.0,0.6365141682948131
1,2,1.2478781653058348,0.0006527340393018832,0.0,0.0,1.2478848840239276
2,3,1.7950165358491992,0.005736561850884669,0.0,0.0,1.7950587305101744
3,4,2.26391418501316,0.020297078256676038,0.0,0.0,2.2640087425120523
4,5,2.6476969849800214,0.045215937403543904,0.0,0.0,2.647817017316408
5,6,2.9416946468403804,0.07549589260200484,0.0,0.0,2.9418117986703063
6,7,3.1475673684887457,0.10474538516425191,0.0,0.0,3.1476581517713433
7,8,3.269007851150447,0.12600309288678346,0.0,0.0,3.2690797389451527
8,9,3.3091171965063078,0.13408732924693112,0.0,0.0,3.309173070420084
