,subsizes,<S>,<S^2>,<S>_typ,<S>_deg,<S>_all
0,1,0.3488320958430322,-4.163336342344337e-17,0.0,0.01872924004526345,0.3581967158656638
1,2,0.6697661589990408,0.0006755208306521987,0.0,0.036710813736845815,0.6891298004084926
2,3,0.8834907390829446,0.000535312763963236,0.0,0.052714368971404,0.9148052790005232
3,4,1.044504190909896,0.0010247912435663586,0.0,0.0651734114879406,1.0869244194953955
4,5,1.166053632713034,0.0016380093758510128,0.0,0.0724567617677782,1.2176467684523538
5,6,1.2553856193064352,0.002171905115225359,0.0,0.07816778053364894,1.3147858245575883
6,7,1.3194256787356085,0.0026381968504436415,0.0,0.08061217412102491,1.3841488575722518
7,8,1.3580082337096369,0.002895464283828364,0.0,0.08202644821759467,1.4264271330774274
8,9,1.3699385864196618,0.0030062502782379763,0.0,0.08248997399962846,1.439341146701861
