,subsizes,<S>,<S^2>,<S>_typ,<S>_deg,<S>_all
0,1,0.6869615765973235,0.0,0.0,0.0,0.6869615765973235
1,2,1.3547520914953333,0.0005417962167979518,0.0,0.0,1.3547592625406542
2,3,1.9640466974806454,0.005199102809148037,0.0,0.0,1.964059412735988
3,4,2.5001397939628305,0.01988431882556263,0.0,0.0,2.50018613119954
4,5,2.9540133120545753,0.04831232123801499,0.0,0.0,2.954083285845618
5,6,3.3153275999098,0.08788261365285521,0.0,0.0,3.3154108344233304
6,7,3.578315208128879,0.13122611726850053,0.0,0.0,3.578402297826526
7,8,3.737114273834607,0.16531305831129472,0.0,0.0,3.7371982596984354
8,9,3.790615731041183,0.17912351111375635,0.0,0.0,3.7906995029244097
