,subsizes,<S>,<S^2>,<S>_typ,<S>_deg,<S>_all
0,1,0.5908422462755828,-2.220446049250313e-16,0.0,0.0,0.5908422462755828
1,2,1.154493174943078,0.0007405039916614786,0.0,0.0,1.154493174943078
2,3,1.6494970044311756,0.006410637445638301,0.0,0.0,1.6494970044311756
3,4,2.0625194005324703,0.02121524489690163,0.0,0.0,2.0625194005324703
4,5,2.389679982822189,0.043689300808155807,0.0,0.0,2.389679982822189
5,6,2.6331912794163626,0.06802708160297044,0.0,0.0,2.6331912794163626
6,7,2.8022046602472748,0.09002826509545514,0.0,0.0,2.8022046602472748
7,8,2.90139111096065,0.10541324108003636,0.0,0.0,2.90139111096065
8,9,2.9340512934943006,0.111053956722591,0.0,0.0,2.9340512934943006
