,subsizes,<S>,<S^2>,<S>_typ,<S>_deg,<S>_all
0,1,0.6931471805599453,1.6653345369377348e-16,0.0,0.0,0.6931471805599453
1,2,1.3764094722272757,9.2266183895795e-05,0.0,0.0,1.3764215056895182
2,3,2.011405347165443,0.0023775589578480805,0.0,0.0,2.0114367870620593
3,4,2.5828449546925305,0.01129761948559338,0.0,0.0,2.582903142655504
4,5,3.080586046077458,0.030453424384537797,0.0,0.0,3.0806791738895525
5,6,3.489616611792111,0.05947148578899153,0.0,0.0,3.489748260278736
6,7,3.798292764141261,0.09456398388075016,0.0,0.0,3.7984600671952937
7,8,3.990450485486678,0.12424647989468696,0.0,0.0,3.990641616537775
8,9,4.056299625154948,0.1368898995267216,0.0,0.0,4.056498714506336
