,subsizes,<S>,<S^2>,<S>_typ,<S>_deg,<S>_all
0,1,0.6682484776645388,1.1102230246251565e-16,0.0,0.0,0.6682484776645388
1,2,1.3135925426746915,0.0006091074064620283,0.0,0.0,1.3135925426746915
2,3,1.896341253247175,0.005502891533564647,0.0,0.0,1.896341253247175
3,4,2.402025016092826,0.02024532633094278,0.0,0.0,2.402025016092826
4,5,2.8221704331779707,0.047317693977532826,0.0,0.0,2.8221704331779707
5,6,3.1494376725529203,0.08286973935526909,0.0,0.0,3.1494376725529203
6,7,3.3817536489887687,0.11925831970031098,0.0,0.0,3.3817536489887687
7,8,3.51940599798237,0.14644550202602247,0.0,0.0,3.51940599798237
8,9,3.5651528693660706,0.1568727665015679,0.0,0.0,3.5651528693660706
