,subsizes,<S>,<S^2>,<S>_typ,<S>_deg,<S>_all
0,1,0.3488320958430322,1.3877787807814457e-17,0.0,0.01872924004526345,0.35819671586566393
1,2,0.6653883538813101,0.000691089497334707,0.0,0.036710813736845815,0.6933067930824254
2,3,0.8833085401018392,0.0006089624521247172,0.0,0.05336141268436002,0.9170329304432384
3,4,1.0440190373297216,0.001049999080357189,0.0,0.06830479229624663,1.085279233959512
4,5,1.1650022285062538,0.0016243027195976811,0.0,0.08050042985492134,1.2176830488760744
5,6,1.2558119499341371,0.0021772117299356797,0.0,0.09073897430652006,1.3178263444596223
6,7,1.3198730945485437,0.002640499953202813,0.0,0.09766342287795785,1.3860578553896143
7,8,1.357551968280453,0.0028955167068198673,0.0,0.10244537137714012,1.4267353749395117
8,9,1.369336174960942,0.003012893774114511,0.0,0.1036864663967717,1.439552331733462
