,subsizes,<S>,<S^2>,<S>_typ,<S>_deg,<S>_all
0,1,0.6931471805599453,1.6653345369377348e-16,0.0,0.0,0.6931471805599453
1,2,1.3764215056895182,9.221892405109067e-05,0.0,0.0,1.3764215056895182
2,3,2.0114367870620593,0.002378379985941592,0.0,0.0,2.0114367870620593
3,4,2.582903142655504,0.011303157360235794,0.0,0.0,2.582903142655504
4,5,3.0806791738895525,0.03047254132323296,0.0,0.0,3.0806791738895525
5,6,3.489748260278736,0.0595072321819341,0.0,0.0,3.489748260278736
6,7,3.7984600671952937,0.09461568730344361,0.0,0.0,3.7984600671952937
7,8,3.990641616537775,0.12431000752383348,0.0,0.0,3.990641616537775
8,9,4.056498714506336,0.1369580848549532,0.0,0.0,4.056498714506336
