,subsizes,<S>,<S^2>,<S>_typ,<S>_deg,<S>_all
0,1,0.5908422462755828,-2.220446049250313e-16,0.0,0.5753953901638027,0.5908422462755828
1,2,1.1544554986824365,0.0007641048114137572,0.0,1.1259223070541755,1.1545948326597837
2,3,1.649208969063512,0.006685875819921527,0.0,1.6155177653852144,1.6499777659088521
3,4,2.062444802948938,0.022344315964947903,0.0,2.0303408612540856,2.064262037617732
4,5,2.3898943554345435,0.046384214895836884,0.0,2.367309613473299,2.3932243555445614
5,6,2.6331356773407113,0.07229970210350611,0.0,2.6264304733295587,2.6381803291724446
6,7,2.801628859926839,0.09556220537431948,0.0,2.810645654817631,2.808185337903425
7,8,2.9002038038730884,0.11166956591479327,0.0,2.921899597579935,2.907883646077158
8,9,2.932612242025996,0.11756983048273995,0.0,2.9592048638630084,2.9406750528699126
