,subsizes,<S>,<S^2>,<S>_typ,<S>_deg,<S>_all
0,1,0.5908422462755828,-2.220446049250313e-16,0.0,0.0,0.5908422462755828
1,2,1.154493174943078,0.0007405039916612566,0.0,0.0,1.154493174943078
2,3,1.6494970044311756,0.006410637445638301,0.0,0.0,1.6494970044311756
3,4,2.0625194005324703,0.021215244896900742,0.0,0.0,2.0625194005324703
4,5,2.389679982822188,0.04368930080815492,0.0,0.0,2.389679982822188
5,6,2.63319127941636,0.06802708160296955,0.0,0.0,2.63319127941636
6,7,2.8022046602472708,0.09002826509544981,0.0,0.0,2.8022046602472708
7,8,2.901391110960644,0.10541324108002748,0.0,0.0,2.901391110960644
8,9,2.934051293494295,0.11105395672258034,0.0,0.0,2.934051293494295
