,subsizes,<S>,<S^2>,<S>_typ,<S>_deg,<S>_all,<S^2>_deg,<S^2>_all
0,1,0.6365141682948129,1.1102230246251565e-16,0.0,0.6365141682948131,0.636514168294813,-5.551115123125783e-17,-5.551115123125783e-17
1,2,1.2497885048187318,0.0004114979185307899,0.0,1.2512518713677878,1.2499679289787728,0.0005859604482325587,0.00044518268690540985
2,3,1.8000648423305143,0.0046454920450620385,0.0,1.8080348493259528,1.8014442107398225,0.004315252368212175,0.004621158139535897
3,4,2.27392928911778,0.017869504688090565,0.0,2.292897297375242,2.2771063749686093,0.014402372483572456,0.017389395023638343
4,5,2.664347192189596,0.04159869967743468,0.0,2.6992615412236547,2.6700511340150133,0.03159674294563608,0.040189084228467564
5,6,2.965403997242037,0.07128728294848052,0.0,3.0180670361272557,2.974013983873882,0.05247773783844778,0.06868646748768015
6,7,3.177258943404161,0.10035486212528966,0.0,3.247164845334874,3.1887329843257324,0.0737194670174226,0.09680652633378273
7,8,3.3029208397455947,0.12181383972548332,0.0,3.3846875434474653,3.3164067435084914,0.08924641700319391,0.11757799312371908
8,9,3.344462945411387,0.12986665422512722,0.0,3.4305703266171554,3.3586911106487305,0.09562530971800953,0.12546396025487283
