,subsizes,<S>,<S^2>,<S>_typ,<S>_deg,<S>_all
0,1,0.5297061990576548,-1.1102230246251565e-16,0.0,,0.5297061990576548
1,2,1.028438860676154,0.0009794047206808099,0.0,,1.0290386626865577
2,3,1.4540149499398456,0.007359980085366757,0.0,,1.4547318634894735
3,4,1.7963745300680802,0.02128376181693925,0.0,,1.7970705583380524
4,5,2.056826274691051,0.03789251917003966,0.0,,2.057522109827955
5,6,2.250436778705899,0.054953001975465376,0.0,,2.251317552815784
6,7,2.384465367220559,0.06967055729438343,0.0,,2.3854291705131216
7,8,2.463248921758648,0.07978608987878744,0.0,,2.4643444893154487
8,9,2.4891741607951614,0.08349716649451011,0.0,,2.4902435362177817
