,subsizes,<S>,<S^2>,<S>_typ,<S>_deg,<S>_all
0,1,0.6869615765973235,5.551115123125783e-17,0.0,0.0,0.6869615765973235
1,2,1.3547592625406542,0.0005418908660208555,0.0,0.0,1.3547592625406542
2,3,1.964059412735988,0.005200309990058827,0.0,0.0,1.964059412735988
3,4,2.50018613119954,0.01988887190531141,0.0,0.0,2.50018613119954
4,5,2.954083285845618,0.048326636229521824,0.0,0.0,2.954083285845618
5,6,3.315410834423331,0.08791364622745945,0.0,0.0,3.315410834423331
6,7,3.578402297826526,0.13127443303382869,0.0,0.0,3.578402297826526
7,8,3.7371982596984354,0.16537442826242277,0.0,0.0,3.7371982596984354
8,9,3.7906995029244097,0.17918869749662214,0.0,0.0,3.7906995029244097
