,subsizes,<S>,<S^2>,<S>_typ,<S>_deg,<S>_all,<S^2>_deg,<S^2>_all
0,1,0.6365141682948131,-1.6653345369377348e-16,0.0,0.6365141682948131,0.6365141682948131,-1.6653345369377348e-16,-1.6653345369377348e-16
1,2,1.2497674415035707,0.0004187756264901754,0.0,1.2520989586556628,1.250136040818508,0.000544225371018614,0.0004422669565198323
2,3,1.8000235190485898,0.004674390921213245,0.0,1.811913951404646,1.8021530808183202,0.004219658138403304,0.004626182387730715
3,4,2.2739020257290483,0.017907194944645433,0.0,2.302022508828304,2.2787910819235897,0.01432493735664142,0.017424819027310967
4,5,2.664351583749857,0.04163208793699624,0.0,2.715153901853598,2.6730124559847335,0.03166741741965051,0.04032793053813766
5,6,2.9654377873462017,0.07132745663440332,0.0,3.041438083176403,2.9783562120766987,0.052865276560050134,0.0690628678951768
6,7,3.1772993368986304,0.10038529935682305,0.0,3.2773658401318913,3.1943143449560467,0.07475946660849253,0.0975553683937207
7,8,3.302975887456528,0.12182088434538407,0.0,3.419820445084742,3.3228816104859558,0.09131824302583169,0.11873544038645001
8,9,3.344516645894763,0.12985954358142848,0.0,3.4676995621151643,3.3655169628650254,0.0982166339322994,0.1268094612529822
