,subsizes,<S>,<S^2>,<S>_typ,<S>_deg,<S>_all
0,1,0.6365141682948129,1.1102230246251565e-16,0.0,0.6365141682948131,0.636514168294813
1,2,1.2497885048187318,0.0004114979185307899,0.0,1.2512518713677878,1.2499679289787728
2,3,1.8000648423305143,0.0046454920450620385,0.0,1.8080348493259528,1.8014442107398225
3,4,2.27392928911778,0.017869504688090565,0.0,2.292897297375242,2.2771063749686093
4,5,2.664347192189596,0.04159869967743468,0.0,2.6992615412236547,2.6700511340150133
5,6,2.965403997242037,0.07128728294848052,0.0,3.0180670361272557,2.974013983873882
6,7,3.177258943404161,0.10035486212528966,0.0,3.247164845334874,3.1887329843257324
7,8,3.3029208397455947,0.12181383972548332,0.0,3.3846875434474653,3.3164067435084914
8,9,3.344462945411387,0.12986665422512722,0.0,3.4305703266171554,3.3586911106487305
