,subsizes,<S>,<S^2>,<S>_typ,<S>_deg,<S>_all,<S^2>_deg,<S^2>_all
0,1,0.5297061990576548,-1.1102230246251565e-16,0.0,0.2347325509549608,0.5297061990576548,0.06923991688363632,-1.1102230246251565e-16
1,2,1.028438860676154,0.0009794047206808099,0.0,0.4641325564215332,1.0290386626865577,0.2707424612451408,0.0009629283208114625
2,3,1.4540149499398456,0.007359980085366757,0.0,0.6612975088524026,1.4547318634894735,0.5500697936081669,0.007250757795195906
3,4,1.7963745300680802,0.02128376181693925,0.0,0.8223257339112946,1.7970705583380524,0.8516544162275281,0.02091650000651324
4,5,2.056826274691051,0.03789251917003966,0.0,0.9492123720058248,2.057522109827955,1.1369134632046678,0.03714355278058168
5,6,2.250436778705899,0.054953001975465376,0.0,1.0451083147683526,2.251317552815784,1.381046240192466,0.053946090463545815
6,7,2.384465367220559,0.06967055729438343,0.0,1.1124434866007826,2.3854291705131216,1.567602103184164,0.06845404649061848
7,8,2.463248921758648,0.07978608987878744,0.0,1.1528719564057537,2.4643444893154487,1.6863863112811786,0.07852669847734184
8,9,2.4891741607951614,0.08349716649451011,0.0,1.1655277104224258,2.4902435362177817,1.7240754199383759,0.0821787403510692
