,subsizes,<S>,<S^2>,<S>_typ,<S>_deg,<S>_all
0,1,0.5297061990576549,-1.1102230246251565e-16,0.0,0.0,0.5297061990576549
1,2,1.0288591656646278,0.0009129258774163151,0.0,0.0,1.029156845085122
2,3,1.454249493315229,0.007034138445004778,0.0,0.0,1.4551793976484246
3,4,1.7956262264782443,0.020421160593125265,0.0,0.0,1.7971371180536257
4,5,2.055138060394106,0.03651482994892952,0.0,0.0,2.056938214326205
5,6,2.2478753515746495,0.05306487015668271,0.0,0.0,2.2498654061514927
6,7,2.381238343911984,0.06740313052778824,0.0,0.0,2.3833662769500923
7,8,2.459560025910164,0.07725770565163703,0.0,0.0,2.4618072419124473
8,9,2.485303714659643,0.0807999549445011,0.0,0.0,2.487596117541928
