,subsizes,<S>,<S^2>,<S>_typ,<S>_deg,<S>_all
0,1,0.6869615765973235,5.551115123125783e-17,0.0,0.6869615765973236,0.6869615765973235
1,2,1.3505329795326422,0.00048435554874393105,0.0,1.3544083665708324,1.3521382466172076
2,3,1.9494976960369121,0.004873531465670933,0.0,1.9650884309857235,1.955981312564209
3,4,2.4694222150330827,0.019115168318299958,0.0,2.5063523162442634,2.4847522843139753
4,5,2.9036355972580936,0.047048750710189324,0.0,2.968061920511641,2.9303252622175187
5,6,3.2445962298172657,0.08593598943987679,0.0,3.3387291848741265,3.2835326641079288
6,7,3.4895934054121245,0.12809765823107888,0.0,3.6112470534495884,3.5398626223584735
7,8,3.635862737178744,0.16075385536164433,0.0,3.777543362401538,3.694379283854358
8,9,3.6843538540666683,0.1734424542819717,0.0,3.8343321608538647,3.7462886594369254
