,subsizes,<S>,<S^2>,<S>_typ,<S>_deg,<S>_all
0,1,0.6682484776645388,5.551115123125783e-17,0.0,0.0,0.6682484776645388
1,2,1.3135925426746915,0.0006091074064620283,0.0,0.0,1.3135925426746915
2,3,1.8963412532471746,0.005502891533566423,0.0,0.0,1.8963412532471746
3,4,2.4020250160928254,0.020245326330944557,0.0,0.0,2.4020250160928254
4,5,2.8221704331779707,0.04731769397753105,0.0,0.0,2.8221704331779707
5,6,3.14943767255292,0.08286973935527087,0.0,0.0,3.14943767255292
6,7,3.3817536489887687,0.11925831970031098,0.0,0.0,3.3817536489887687
7,8,3.519405997982371,0.14644550202601536,0.0,0.0,3.519405997982371
8,9,3.5651528693660715,0.15687276650156612,0.0,0.0,3.5651528693660715
