,subsizes,<S>,<S^2>,<S>_typ,<S>_deg,<S>_all
0,1,0.6682484776645388,5.551115123125783e-17,0.0,0.6682484776645388,0.6682484776645388
1,2,1.3127310526328773,0.0004520698782353172,0.0,1.3139064967277316,1.3130052810407573
2,3,1.8932814876670387,0.004689428315552302,0.0,1.899218795435659,1.8946733516159686
3,4,2.3957013555549804,0.018206223331675098,0.0,2.4126516054665115,2.399678314449917
4,5,2.812598533554663,0.04383934241180043,0.0,2.843438824353818,2.819841668835326
5,6,3.137193662052718,0.07828405166470276,0.0,3.1833736781576603,3.1480491935621955
6,7,3.3675502259453345,0.11404108484068232,0.0,3.4277847538868027,3.381726167085551
7,8,3.5038778907041106,0.14108258771940463,0.0,3.5743727574037396,3.5204769910370577
8,9,3.5492646731873285,0.151683683008768,0.0,3.6229160874675794,3.5665987911538077
