,subsizes,<S>,<S^2>,<S>_typ,<S>_deg,<S>_all
0,1,0.6682484776645388,5.551115123125783e-17,0.0,0.0,0.6682484776645388
1,2,1.313590108317931,0.0006085596835669893,0.0,0.0,1.3135925426746915
2,3,1.8963120292598743,0.005501828911722129,0.0,0.0,1.896341253247175
3,4,2.4019709441151442,0.020242697493225492,0.0,0.0,2.402025016092826
4,5,2.8220881623996377,0.04731687699714282,0.0,0.0,2.8221704331779707
5,6,3.1493327982832717,0.08288125846265082,0.0,0.0,3.1494376725529203
6,7,3.381635075168503,0.11928719106973773,0.0,0.0,3.3817536489887687
7,8,3.5192754317802453,0.1464901385535562,0.0,0.0,3.51940599798237
8,9,3.565017457364781,0.1569221646110588,0.0,0.0,3.5651528693660706
