,subsizes,<S>,<S^2>,<S>_typ,<S>_deg,<S>_all,<S^2>_deg,<S^2>_all
0,1,0.4505612088663051,2.7755575615628914e-17,0.0,0.010491008539779158,0.4505612088663051,0.004616780229727907,2.7755575615628914e-17
1,2,0.869005065238726,0.0009645926346413258,0.0,0.020264833694427473,0.8693378867556709,0.017231598180772963,0.0009873288646093936
2,3,1.2092903366679826,0.006658412419522808,0.0,0.02835846842208587,1.2095918531938532,0.033891194484838204,0.006808303764862522
3,4,1.4652538859916682,0.013453717027157808,0.0,0.03502871947240803,1.4644314578446025,0.05212920391966543,0.013464772510505707
4,5,1.6622614170211976,0.021490218929256066,0.0,0.04078935094340296,1.6607040367388777,0.07141506284418392,0.021326790452429467
5,6,1.8103792193919386,0.029962512121789686,0.0,0.04524502510418913,1.8083170053484234,0.08876058155228982,0.029472437756538294
6,7,1.9132168408949417,0.0376276520732306,0.0,0.0484589532511572,1.9109128724504134,0.10244443500369114,0.03683446352465003
7,8,1.9739741594506595,0.042895586763562754,0.0,0.04984989345528237,1.971974501910641,0.10857802309274177,0.04192911493556428
8,9,1.9941014622131168,0.044900681538636356,0.0,0.05024119897322302,1.9922113233419538,0.11018172975337445,0.043885946653288155
