,subsizes,<S>,<S^2>,<S>_typ,<S>_deg,<S>_all
0,1,0.6365141682948131,-1.6653345369377348e-16,0.0,0.0,0.6365141682948131
1,2,1.2478848840239276,0.0006530425548954,0.0,0.0,1.2478848840239276
2,3,1.7950587305101744,0.005728113839724713,0.0,0.0,1.7950587305101744
3,4,2.2640087425120523,0.020268184165399994,0.0,0.0,2.2640087425120523
4,5,2.647817017316408,0.0451594947002647,0.0,0.0,2.647817017316408
5,6,2.9418117986703063,0.07540777162017953,0.0,0.0,2.9418117986703063
6,7,3.1476581517713433,0.10461767294600222,0.0,0.0,3.1476581517713433
7,8,3.2690797389451527,0.12584104050162992,0.0,0.0,3.2690797389451527
8,9,3.309173070420084,0.13390606036135821,0.0,0.0,3.309173070420084
