,subsizes,<S>,<S^2>,<S>_typ,<S>_deg,<S>_all,<S^2>_deg,<S^2>_all
0,1,0.5908422462755828,-2.220446049250313e-16,0.0,0.5753953901638027,0.5908422462755828,0.008888049799241848,-2.220446049250313e-16
1,2,1.1544554986824365,0.0007641048114137572,0.0,1.1259223070541755,1.1545948326597837,0.03473957352067325,0.0007645075062525652
2,3,1.649208969063512,0.006685875819921527,0.0,1.6155177653852144,1.6499777659088521,0.07429324076748012,0.006553301407473899
3,4,2.062444802948938,0.022344315964947903,0.0,2.0303408612540856,2.064262037617732,0.12186876586014161,0.021711299362421776
4,5,2.3898943554345435,0.046384214895836884,0.0,2.367309613473299,2.3932243555445614,0.17121994481015967,0.04494326311795671
5,6,2.6331356773407113,0.07229970210350611,0.0,2.6264304733295587,2.6381803291724446,0.21735384042269956,0.07012381518824018
6,7,2.801628859926839,0.09556220537431948,0.0,2.810645654817631,2.808185337903425,0.2564882210309092,0.09290514043762776
7,8,2.9002038038730884,0.11166956591479327,0.0,2.921899597579935,2.907883646077158,0.28358028259231993,0.10879616672717773
8,9,2.932612242025996,0.11756983048273995,0.0,2.9592048638630084,2.9406750528699126,0.2932214669158615,0.11460957743647704
