,subsizes,<S>,<S^2>,<S>_typ,<S>_deg,<S>_all
0,1,0.6869615765973235,0.0,0.0,0.0,0.6869615765973235
1,2,1.3547592625406542,0.0005418908660212995,0.0,0.0,1.3547592625406542
2,3,1.964059412735988,0.005200309990058827,0.0,0.0,1.964059412735988
3,4,2.50018613119954,0.019888871905309635,0.0,0.0,2.50018613119954
4,5,2.954083285845618,0.04832663622952005,0.0,0.0,2.954083285845618
5,6,3.3154108344233304,0.087913646227463,0.0,0.0,3.3154108344233304
6,7,3.578402297826526,0.13127443303382869,0.0,0.0,3.578402297826526
7,8,3.7371982596984354,0.165374428262421,0.0,0.0,3.7371982596984354
8,9,3.7906995029244097,0.17918869749662214,0.0,0.0,3.7906995029244097
