,subsizes,<S>,<S^2>,<S>_typ,<S>_deg,<S>_all
0,1,0.5297061990576549,-1.1102230246251565e-16,0.0,0.0,0.5297061990576549
1,2,1.029156845085122,0.0009010849408495059,0.0,0.0,1.029156845085122
2,3,1.4551793976484246,0.006969509720793798,0.0,0.0,1.4551793976484246
3,4,1.7971371180536257,0.02028217373355279,0.0,0.0,1.7971371180536257
4,5,2.056938214326205,0.03632767196485087,0.0,0.0,2.056938214326205
5,6,2.2498654061514927,0.05282185461767508,0.0,0.0,2.2498654061514927
6,7,2.3833662769500923,0.06714457909601101,0.0,0.0,2.3833662769500923
7,8,2.4618072419124473,0.07700434733816852,0.0,0.0,2.4618072419124473
8,9,2.487596117541928,0.0805558849204484,0.0,0.0,2.487596117541928
