,subsizes,<S>,<S^2>,<S>_typ,<S>_deg,<S>_all
0,1,0.3488320958430323,-6.938893903907228e-17,0.0,0.01872924004526345,0.358196715865664
1,2,0.6697661589990407,0.0006755208306523097,0.0,0.036710813736845815,0.6891298004084925
2,3,0.8834907390829446,0.000535312763963125,0.0,0.052714368971404,0.9148052790005232
3,4,1.0445041909098958,0.0010247912435668027,0.0,0.0651734114879406,1.0869244194953955
4,5,1.166053632713034,0.0016380093758505687,0.0,0.0724567617677782,1.2176467684523535
5,6,1.2553856193064352,0.0021719051152251367,0.0,0.07816778053364894,1.3147858245575883
6,7,1.3194256787356082,0.0026381968504443076,0.0,0.08061217412102491,1.3841488575722518
7,8,1.358008233709637,0.002895464283827698,0.0,0.08202644821759465,1.4264271330774272
8,9,1.3699385864196618,0.003006250278237532,0.0,0.08248997399962846,1.4393411467018609
