,subsizes,<S>,<S^2>,<S>_typ,<S>_deg,<S>_all
0,1,0.45056120886630496,0.0,0.0,0.0,0.45056120886630485
1,2,0.8686277993220988,0.0009736301013461013,0.0,0.0,0.8687324159304899
2,3,1.208283213972604,0.006601988176267559,0.0,0.0,1.2091966184187135
3,4,1.4636857654121649,0.01334076581574939,0.0,0.0,1.4645202086058162
4,5,1.6599190149447598,0.021388636564209307,0.0,0.0,1.66061467019447
5,6,1.8070388582494654,0.029888163341878382,0.0,0.0,1.8075826181880612
6,7,1.9088091980590247,0.037530015335286215,0.0,0.0,1.9092215832459287
7,8,1.9687254511467156,0.042661065226440975,0.0,0.0,1.9689171968891532
8,9,1.9885107339205712,0.04453198690529181,0.0,0.0,1.9884448908956296
