,subsizes,<S>,<S^2>,<S>_typ,<S>_deg,<S>_all
0,1,0.5908422462755828,-2.220446049250313e-16,0.0,0.0,0.5908422462755828
1,2,1.1545193576915858,0.0007379423406455032,0.0,0.0,1.154493174943078
2,3,1.6494703080799133,0.00639170281689605,0.0,0.0,1.6494970044311756
3,4,2.062368565016737,0.021165379342810375,0.0,0.0,2.0625194005324703
4,5,2.3893878008992773,0.04361083462321336,0.0,0.0,2.389679982822188
5,6,2.632776893963943,0.06792593769509203,0.0,0.0,2.63319127941636
6,7,2.801685127270365,0.08991339973764578,0.0,0.0,2.8022046602472708
7,8,2.9008123255635954,0.10528928146684535,0.0,0.0,2.901391110960644
8,9,2.9334494775097992,0.11092609460311742,0.0,0.0,2.934051293494295
