,subsizes,<S>,<S^2>,<S>_typ,<S>_deg,<S>_all
0,1,0.45056120886630496,0.0,0.0,0.0,0.45056120886630496
1,2,0.86873241593049,0.00100237778899126,0.0,0.0,0.86873241593049
2,3,1.2091966184187135,0.006744762867748166,0.0,0.0,1.2091966184187135
3,4,1.4645202086058162,0.01342746662116312,0.0,0.0,1.4645202086058162
4,5,1.6606146701944697,0.021488082012089738,0.0,0.0,1.6606146701944697
5,6,1.8075826181880614,0.029962040989867766,0.0,0.0,1.8075826181880614
6,7,1.9092215832459287,0.03751040294743646,0.0,0.0,1.9092215832459287
7,8,1.9689171968891532,0.04253414568296643,0.0,0.0,1.9689171968891532
8,9,1.9884448908956296,0.04430584920597269,0.0,0.0,1.9884448908956296
