,subsizes,<S>,<S^2>,<S>_typ,<S>_deg,<S>_all,<S^2>_deg,<S^2>_all
0,1,0.45056120886630496,5.551115123125783e-17,0.0,0.010491008539779165,0.45056120886630496,0.0046167802297279095,5.551115123125783e-17
1,2,0.8690050652387259,0.0009645926346414369,0.0,0.020327552241865214,0.8693518242106572,0.017337608984994,0.0009872196660729582
2,3,1.2092903366679826,0.006658412419522586,0.0,0.028620887511407837,1.209650168547036,0.03449121209431607,0.00680388482974581
3,4,1.4652538859916675,0.013453717027160028,0.0,0.03574154324372851,1.4645898631271184,0.054120162095844984,0.013454445594383468
4,5,1.662261417021198,0.02149021892925429,0.0,0.04191549167305796,1.6609542902343566,0.07500452372857651,0.021313888995585284
5,6,1.810379219391939,0.02996251212178791,0.0,0.046671992156077716,1.808634109137732,0.09370010465603386,0.029452307887698925
6,7,1.9132168408949417,0.0376276520732306,0.0,0.050105006164770045,1.9112786619867723,0.10844509063435508,0.03680587854944761
7,8,1.9739741594506595,0.042895586763562754,0.0,0.05174869181527148,1.9723964571017498,0.1157962170650316,0.04191168028916792
8,9,1.9941014622131168,0.044900681538636356,0.0,0.052238180780108695,1.9926550970768173,0.11790459010123527,0.04387923644447911
