,subsizes,<S>,<S^2>,<S>_typ,<S>_deg,<S>_all
0,1,0.34883209584303215,1.3877787807814457e-17,0.0,0.01872924004526345,0.3581967158656638
1,2,0.6650999490311797,0.0006923135180547657,0.0,0.036710813736845815,0.6891298004084926
2,3,0.8831037144984498,0.0006137438278797092,0.0,0.05336141268436002,0.9148052790005232
3,4,1.044011699802519,0.0010504862524276515,0.0,0.06830479229624663,1.0869244194953955
4,5,1.165103145461118,0.0016235027314328576,0.0,0.08050042985492134,1.2176467684523538
5,6,1.2558795547865327,0.002176913986657203,0.0,0.09073897430652007,1.3147858245575883
6,7,1.3198875139370179,0.0026394943908250035,0.0,0.09766342287795787,1.3841488575722518
7,8,1.3575787221249198,0.002896326286507378,0.0,0.10244537137714012,1.4264271330774274
8,9,1.369407201670212,0.0030133680494908166,0.0,0.10368646639677172,1.439341146701861
