,subsizes,<S>,<S^2>,<S>_typ,<S>_deg,<S>_all
0,1,0.6682484776645388,5.551115123125783e-17,0.0,0.0,0.6682484776645388
1,2,1.313590108317931,0.0006085596835669893,0.0,0.0,1.3135925426746915
2,3,1.8963120292598743,0.005501828911722573,0.0,0.0,1.8963412532471746
3,4,2.4019709441151442,0.020242697493225492,0.0,0.0,2.4020250160928254
4,5,2.8220881623996377,0.04731687699714282,0.0,0.0,2.8221704331779707
5,6,3.1493327982832717,0.08288125846265082,0.0,0.0,3.14943767255292
6,7,3.3816350751685027,0.11928719106974128,0.0,0.0,3.3817536489887687
7,8,3.5192754317802453,0.14649013855355797,0.0,0.0,3.519405997982371
8,9,3.5650174573647813,0.15692216461106234,0.0,0.0,3.5651528693660715
