,subsizes,<S>,<S^2>,<S>_typ,<S>_deg,<S>_all
0,1,0.5297061990576548,-1.1102230246251565e-16,0.0,0.0,0.5297061990576548
1,2,1.0288591656646278,0.0009129258774158711,0.0,0.0,1.0291568450851223
2,3,1.454249493315229,0.007034138445004778,0.0,0.0,1.4551793976484246
3,4,1.7956262264782443,0.02042116059312349,0.0,0.0,1.7971371180536257
4,5,2.055138060394105,0.03651482994893129,0.0,0.0,2.0569382143262045
5,6,2.247875351574649,0.05306487015668182,0.0,0.0,2.2498654061514918
6,7,2.381238343911983,0.06740313052778912,0.0,0.0,2.3833662769500914
7,8,2.459560025910164,0.07725770565163437,0.0,0.0,2.4618072419124473
8,9,2.485303714659643,0.08079995494449843,0.0,0.0,2.487596117541928
