,subsizes,<S>,<S^2>,<S>_typ,<S>_deg,<S>_all
0,1,0.6682484776645388,5.551115123125783e-17,0.0,0.6682484776645388,0.6682484776645388
1,2,1.3127509819751744,0.0004503357622078763,0.0,1.3138932544820714,1.3130193255924254
2,3,1.893371514180534,0.004673184755284776,0.0,1.8992460527015689,1.894750570779663
3,4,2.395844238643467,0.018166500573925326,0.0,2.412831317722957,2.399823322604965
4,5,2.812738496044708,0.043754597567950526,0.0,2.844206523606495,2.8201189636942288
5,6,3.1373041891086655,0.07814651246947868,0.0,3.184719741364087,3.1484337153630233
6,7,3.367635374831697,0.11383910170823697,0.0,3.429618753967041,3.38220202138336
7,8,3.5039393975329025,0.14081635746393495,0.0,3.5765530544800708,3.5210140607936116
8,9,3.549318084299077,0.15140247468891133,0.0,3.625256970103125,3.567167015585538
