,subsizes,<S>,<S^2>,<S>_typ,<S>_deg,<S>_all
0,1,0.636514168294813,-5.551115123125783e-17,0.0,0.0,0.636514168294813
1,2,1.2478848840239272,0.0006530425548962882,0.0,0.0,1.2478848840239272
2,3,1.795058730510174,0.005728113839726046,0.0,0.0,1.795058730510174
3,4,2.2640087425120514,0.02026818416540266,0.0,0.0,2.2640087425120514
4,5,2.647817017316408,0.04515949470026204,0.0,0.0,2.647817017316408
5,6,2.9418117986703063,0.07540777162017953,0.0,0.0,2.9418117986703063
6,7,3.147658151771343,0.10461767294600222,0.0,0.0,3.147658151771343
7,8,3.2690797389451527,0.1258410405016317,0.0,0.0,3.2690797389451527
8,9,3.309173070420085,0.13390606036135466,0.0,0.0,3.309173070420085
