,subsizes,<S>,<S^2>,<S>_typ,<S>_deg,<S>_all
0,1,0.5908422462755828,-2.220446049250313e-16,0.0,0.0,0.5908422462755828
1,2,1.154519357691586,0.0007379423406452812,0.0,0.0,1.154493174943078
2,3,1.6494703080799131,0.006391702816896938,0.0,0.0,1.6494970044311756
3,4,2.0623685650167376,0.021165379342809487,0.0,0.0,2.0625194005324703
4,5,2.389387800899278,0.04361083462321513,0.0,0.0,2.389679982822189
5,6,2.6327768939639453,0.06792593769509203,0.0,0.0,2.6331912794163626
6,7,2.801685127270369,0.08991339973765289,0.0,0.0,2.8022046602472748
7,8,2.9008123255636007,0.10528928146685779,0.0,0.0,2.90139111096065
8,9,2.9334494775098054,0.1109260946031263,0.0,0.0,2.9340512934943006
