,subsizes,<S>,<S^2>,<S>_typ,<S>_deg,<S>_all
0,1,0.6931471805599453,1.6653345369377348e-16,0.0,0.6931471805599453,0.6931471805599453
1,2,1.3762171786107096,8.839969070195686e-05,0.0,1.3795361779769155,1.3765414754514322
2,3,2.0106212391176044,0.0024048487265728724,0.0,2.0238247774153355,2.01197975986384
3,4,2.5816980809782213,0.01134907451583178,0.0,2.609740412895424,2.584406384717127
4,5,3.079621524680644,0.030436136560359373,0.0,3.1279636122197663,3.084091307101882
5,6,3.4893905053259835,0.05911169596611465,0.0,3.5616720274627918,3.495968233914558
6,7,3.799327600972992,0.09381800072792679,0.0,3.8946663386142832,3.8079581874793433
7,8,3.99291796781197,0.12324687333155104,0.0,4.104769235315407,4.003040488759273
8,9,4.059335591304985,0.1358203665225517,0.0,4.177848753532317,4.070034693458953
