,subsizes,<S>,<S^2>,<S>_typ,<S>_deg,<S>_all
0,1,0.6869615765973235,5.551115123125783e-17,0.0,0.6869615765973235,0.6869615765973235
1,2,1.3504889071595894,0.0004835337812838514,0.0,1.3544830624263795,1.3521397221971463
2,3,1.9494959293879126,0.004874367584840833,0.0,1.9650227621750913,1.955959860880639
3,4,2.4694895715510468,0.019120383539961594,0.0,2.506095964841764,2.4846951507335038
4,5,2.9037734281231313,0.04706220294058916,0.0,2.9676201597779324,2.9302167650644617
5,6,3.244613177642771,0.08589545763098627,0.0,3.3383766007599545,3.2833643519825766
6,7,3.4895114399574094,0.12802434729467116,0.0,3.6108893126726844,3.5396105769013704
7,8,3.635775753004373,0.16065156452129692,0.0,3.7770852314355574,3.694063101435768
8,9,3.6842167939225807,0.17329253596331817,0.0,3.8338792829210004,3.7459391619303717
