,subsizes,<S>,<S^2>,<S>_typ,<S>_deg,<S>_all,<S^2>_deg,<S^2>_all
0,1,0.5908422462755828,-2.220446049250313e-16,0.0,0.5753953901638028,0.5908422462755828,0.008888049799241737,-1.6653345369377348e-16
1,2,1.1544469408267404,0.0007644875728070044,0.0,1.1276366450063533,1.1547034160134415,0.034639342700167663,0.0007515307607846022
2,3,1.649169889735083,0.006687339474864995,0.0,1.6205647733007356,1.6502815537217448,0.07400210085925574,0.006512400168866783
3,4,2.062394151145037,0.022351947476350276,0.0,2.0397974455028227,2.0648555135686157,0.12155133382561711,0.02165761377659514
4,5,2.389852092197127,0.04640298153015099,0.0,2.382483381320697,2.39422234767473,0.1713267496877453,0.04492614528233574
5,6,2.6330882115129186,0.07232730522732123,0.0,2.647388909791498,2.6395751630345385,0.21787873207153652,0.07017481395461278
6,7,2.8015651611139063,0.09559573409331446,0.0,2.8362183253425726,2.8098831746687645,0.25702968025838047,0.09301694166648655
7,8,2.900137518682563,0.11170841836482381,0.0,2.9506631823196887,2.909796367876401,0.283871608380192,0.10894866404230896
8,9,2.932547006502784,0.11761107110176461,0.0,2.989106528125989,2.9426651698928166,0.29368163181817764,0.11479635406110944
