,subsizes,<S>,<S^2>,<S>_typ,<S>_deg,<S>_all
0,1,0.5908422462755828,-2.220446049250313e-16,0.0,,0.5908422462755828
1,2,1.1544469408267404,0.0007644875728070044,0.0,,1.1547034160134415
2,3,1.649169889735083,0.006687339474864995,0.0,,1.6502815537217448
3,4,2.062394151145037,0.022351947476350276,0.0,,2.0648555135686157
4,5,2.389852092197127,0.04640298153015099,0.0,,2.39422234767473
5,6,2.6330882115129186,0.07232730522732123,0.0,,2.6395751630345385
6,7,2.8015651611139063,0.09559573409331446,0.0,,2.8098831746687645
7,8,2.900137518682563,0.11170841836482381,0.0,,2.909796367876401
8,9,2.932547006502784,0.11761107110176461,0.0,,2.9426651698928166
