,subsizes,<S>,<S^2>,<S>_typ,<S>_deg,<S>_all
0,1,0.636514168294813,-5.551115123125783e-17,0.0,0.0,0.636514168294813
1,2,1.2478781653058348,0.0006527340393018832,0.0,0.0,1.2478848840239272
2,3,1.7950165358491987,0.005736561850885558,0.0,0.0,1.795058730510174
3,4,2.26391418501316,0.02029707825667515,0.0,0.0,2.2640087425120514
4,5,2.647696984980021,0.045215937403543016,0.0,0.0,2.647817017316408
5,6,2.94169464684038,0.07549589260200662,0.0,0.0,2.9418117986703063
6,7,3.1475673684887457,0.10474538516425014,0.0,0.0,3.147658151771343
7,8,3.2690078511504472,0.1260030928867799,0.0,0.0,3.2690797389451527
8,9,3.3091171965063078,0.13408732924693467,0.0,0.0,3.309173070420085
