,subsizes,<S>,<S^2>,<S>_typ
0,1,0.6674746983045395,0.001322505293724352,0.0
1,2,1.291792518229047,0.007476363206598835,0.0
2,3,1.8621715902897618,0.022990609564494058,0.0
3,4,2.367971095566192,0.05184784707589962,0.0
4,5,2.804903733300123,0.0962600026573206,0.0
5,6,3.1675853919522634,0.15386578719165378,0.0
6,7,3.4535435462901862,0.21881694719614053,0.0
7,8,3.6594116658089124,0.27992566871466984,0.0
8,9,3.7838044811863423,0.32492381646918567,0.0
9,10,3.825110030818557,0.34133272030721606,0.0
