,subsizes,<S>,<S^2>,<S>_typ
0,1,0.6108643020548936,0.0,0.0
1,2,1.1745430889728756,0.0019841665672246656,0.0
2,3,1.6793204914111022,0.010286475006134221,0.0
3,4,2.1159364218015293,0.028056850775176834,0.0
4,5,2.481889589826138,0.055430120218417755,0.0
5,6,2.77582322728607,0.08867451454285025,0.0
6,7,2.999766550244991,0.12277035943044012,0.0
7,8,3.156604619121392,0.15239422425912963,0.0
8,9,3.249218344450298,0.17290469932459374,0.0
9,10,3.2797515259082517,0.180337034445758,0.0
