,subsizes,<S>,<S^2>,<S>_typ
0,1,0.6108643020548936,-5.551115123125783e-17,0.0
1,2,1.174541215061133,0.0019826184119864365,0.0
2,3,1.6793027704022123,0.01028312328037373,0.0
3,4,2.115937978187589,0.02805292547696414,0.0
4,5,2.481909356331609,0.05542225898095854,0.0
5,6,2.7758819991557124,0.08866347995877266,0.0
6,7,2.999863374260361,0.12275114746442206,0.0
7,8,3.156735581974893,0.15236732337530157,0.0
8,9,3.2493703582886493,0.17287061211387922,0.0
9,10,3.279913946450312,0.18030229492040206,0.0
