,subsizes,<S>,<S^2>,<S>_typ
0,1,0.6931471805599454,0.0,0.0
1,2,1.3544837059272468,0.0014122957230402466,0.0
2,3,1.9728369713488656,0.007130636746539132,0.0
3,4,2.5367756819503904,0.02011937619572457,0.0
4,5,3.040126104774124,0.04292622139417546,0.0
5,6,3.4727011385747835,0.07567760336598006,0.0
6,7,3.8267229846048463,0.11666493943288359,0.0
7,8,4.09054628290233,0.1588331460641541,0.0
8,9,4.2549850766434405,0.19263809102119467,0.0
9,10,4.310405167771996,0.20539457238827197,0.0
