,subsizes,<S>,<S^2>,<S>_typ
0,1,0.5623351446188085,1.1102230246251565e-16,0.0
1,2,1.075445823682014,0.0020777956098463335,0.0
2,3,1.5272416647745832,0.010446695225308833,0.0
3,4,1.9104191292994706,0.026811215586926007,0.0
4,5,2.225227826730124,0.04947792871415668,0.0
5,6,2.474106526181607,0.0744906020996039,0.0
6,7,2.662569384655782,0.09904479093621621,0.0
7,8,2.7944928850430015,0.12014744434840008,0.0
8,9,2.8726466768522863,0.13485047897443714,0.0
9,10,2.898528101477553,0.1403156286910754,0.0
