,subsizes,<S>,<S^2>,<S>_typ
0,1,0.6730116670092564,2.220446049250313e-16,0.0
1,2,1.3012366588274185,0.001812360409127578,0.0
2,3,1.87384550682029,0.009260401256537598,0.0
3,4,2.379869546934445,0.026029386464100135,0.0
4,5,2.814729644419658,0.054442908854221095,0.0
5,6,3.173239198801421,0.09315249947423432,0.0
6,7,3.4533013661360945,0.13776328502273394,0.0
7,8,3.6528451041308574,0.17987496340515818,0.0
8,9,3.7721867303729177,0.21070467378048185,0.0
9,10,3.811897090157121,0.22225029647253258,0.0
