,sizes,Kin,Kin2,Int,Kin_loc,Kin2_loc,Int_loc,Sq0
0,10,0.1255735602561449,0.49474737027275756,0.026117500926288003,0.16294932973700005,0.24347645947909874,0.016971739383915805,0.29241755326068336
1,12,0.11515431423063091,0.49613090648995967,0.025883186562754148,0.15248787062351649,0.21848107337052589,0.013871746606188272,0.2937384062588611
2,14,0.1089559222369346,0.4617611649835588,0.024747366499104865,0.1303173164208455,0.17600852030482703,0.011211792075340477,0.2727199772433304
3,16,0.10828880264807128,0.45856610893093935,0.02460841386854983,0.11600667475279361,0.15819008544730573,0.009844731479483908,0.2601294260341445
4,18,0.10803675355094916,0.4631644445987456,0.02455397220782986,0.1074227083994245,0.14420825573180782,0.008814863165438985,0.24619850144564295
5,20,0.10726096083675159,0.4616803058994912,0.02437746804019694,0.10017733173190765,0.1338178990685469,0.008075449724389876,0.23418979292692033
