,sizes,Kin,Kin2,Int,Kin_loc,Kin2_loc,Int_loc,Sq0,jE
0,12,0.0850470973881057,0.38430134767488394,0.2162728533843964,0.07624393531176123,0.10924053668526336,0.02774349321237602,0.20770441896056743,0.0
1,14,0.07995178880642176,0.35267591525469044,0.2054524472741807,0.06515865821042177,0.0880042601524131,0.022423584150681276,0.19284214527380025,0.0
2,16,0.07907060691280277,0.3465895260539084,0.20329192239080063,0.057994160068440916,0.07908271448588833,0.01968638790360833,0.18391036632783112,0.0
3,18,0.07860181783861166,0.3473447569231437,0.2021100034793821,0.05370693557339182,0.07209819641830835,0.017628276249169846,0.1740743076208774,0.0
4,20,0.07781527965104339,0.34411618262137894,0.20008603590311408,0.050088665865943696,0.06690894953427787,0.016150899448776974,0.16559719066330011,1.2976565198049267e-16
5,22,0.07743897962746887,0.3429896844658817,0.19911857060568205,0.04710489884275579,0.06279029609100535,0.015028596693955058,0.15868246738291236,2.421496339841099e-16
