,sizes,Kin,Kin2,Int,Kin_loc,Kin2_loc,Int_loc,Sq0,jE
0,12,0.0101575220204375,0.1928335278635032,0.06594127444578166,0.007594868810763977,0.01436019581805467,0.0010062183758445013,0.08040622183907398,0.0
1,14,0.010078582761930096,0.18909192935193983,0.06663827063128899,0.005921516474553576,0.011314701234386007,0.0007191614529221668,0.07688701823006108,0.0
2,16,0.01003022636475952,0.1856808056110666,0.06631745860385072,0.005049835100245166,0.009215896419364331,0.0005742396786249484,0.06845324679079264,0.0
3,18,0.009814370599815665,0.18394873456812144,0.06489259254677876,0.004332761067718156,0.007856822853753078,0.0004708722758339843,0.0604442127053212,0.0
4,20,0.009543389640582092,0.1811147925429995,0.06309619395164955,0.0037937546523959453,0.006782138462145302,0.00039831434257692585,0.05377828264058159,0.0
5,22,0.009441375622619617,0.18009908648396972,0.062422224011109605,0.0033636857389997867,0.005998052140262641,0.00034602371656456354,0.04857894619721221,0.0
