,sizes,Kin,Kin2,Int,Kin_loc,Kin2_loc,Int_loc,Sq0
0,10,0.0018548513039701496,0.03342712703621374,8.831998338803004e-05,0.004197137240953946,0.0090831308668752,3.833950873869288e-05,0.015486762602413742
1,12,0.004655530926033853,0.08034730327645911,0.00023611784469518193,0.007594868810763629,0.014360195818054549,6.288864849028305e-05,0.04020311091953713
2,14,0.004679341996610399,0.08103939829368874,0.00024171247717822515,0.005921516474553656,0.01131470123438612,4.4947590807634296e-05,0.038443509115030444
3,16,0.004701668608481023,0.08123535245484172,0.00024286178687933516,0.005049835100245192,0.009215896419364199,3.588997991405988e-05,0.03422662339539639
4,18,0.004634563894357402,0.08175499314138891,0.00023940409576719886,0.004332761067719104,0.00785682285375327,2.9429517239622944e-05,0.030222106352659543
5,20,0.004533110079276493,0.08150165664435265,0.0002341460322424567,0.0037937546523968543,0.006782138462145183,2.4894646411058557e-05,0.02688914132029086
