,subsizes,<S>,<S^2>,<S>_typ,<S>_deg,<S>_all
0,1,0.6608400774855129,0.0020915178474922302,0.0,,0.6608876573354573
1,2,1.296860290260681,0.009758293346899594,0.0,,1.2979170091898289
2,3,1.8614833342302617,0.029035979594925543,0.0,,1.8651061106771598
3,4,2.3374422320679042,0.06668119693691477,0.0,,2.3450773677460104
4,5,2.716926976957601,0.12297804046099436,0.0,,2.729338731604373
5,6,2.991133820109326,0.1860371263389986,0.0,,3.008506835629076
6,7,3.1575965992774737,0.2384220245292763,0.0,,3.178673463929691
7,8,3.212753193903088,0.2584203452468046,0.0,,3.2353478433609233
