,subsizes,<S>,<S^2>,<S>_typ,<S>_deg,<S>_all,<S^2>_deg,<S^2>_all
0,1,0.6608400774855129,0.0020915178474922302,0.0,0.6303056421198976,0.6610078376275109,0.02496613965175859,0.002130634840501744
1,2,1.296860290260681,0.009758293346899594,0.0,1.2409741468603683,1.2979918724278023,0.09762900147172582,0.009592004234345142
2,3,1.8614833342302617,0.029035979594925543,0.0,1.7929068144162894,1.8651394413880382,0.2096328877653515,0.02871009076982567
3,4,2.3374422320679042,0.06668119693691477,0.0,2.266660643927135,2.345074464824195,0.34847826928213177,0.0661318826762054
4,5,2.716926976957601,0.12297804046099436,0.0,2.6528970139900077,2.729307778244965,0.49923049004334175,0.12210842888403484
5,6,2.991133820109326,0.1860371263389986,0.0,2.9403357411605473,3.0084544221976373,0.640323439469201,0.1849402911869209
6,7,3.1575965992774737,0.2384220245292763,0.0,3.118380156925347,3.178605083057423,0.7447297356578364,0.23731562808578133
7,8,3.212753193903088,0.2584203452468046,0.0,3.1789080412591066,3.235274119704948,0.7839496763356166,0.2574939843986215
