,subsizes,<S>,<S^2>,<S>_typ,<S>_deg,<S>_all
0,1,0.6608400774855129,0.0020915178474922302,0.0,9.515969988891771e-05,0.6608876573354573
1,2,1.2986577841547498,0.010013944617323745,0.0,0.0001857938080492156,1.298755137720219
2,3,1.8674814445261605,0.030195528766117086,0.0,0.0002665762552563206,1.867638640644904
3,4,2.349178752394611,0.06957873965540973,0.0,0.00032962424271223436,2.349390975608378
4,5,2.734851355378931,0.12820910803161123,0.0,0.000364989744680815,2.7351079048471947
5,6,3.014653005226302,0.193555444363545,0.0,0.00039167550898320126,3.0149459514363475
6,7,3.1849904807833647,0.2475534071228207,0.0,0.0004006228741985004,3.1853045277346927
7,8,3.241709969695524,0.26828101621906875,0.0,0.0004035337252412962,3.2420325260999134
