,subsizes,<S>,<S^2>,<S>_typ,<S>_deg,<S>_all
0,1,0.6608400774855128,0.0020915178474923968,0.0,9.515969988891772e-05,0.6608876573354573
1,2,1.298576965677607,0.010031742827325552,0.0,0.0001857938080492156,1.298755137720219
2,3,1.8672398056445072,0.030306607590707912,0.0,0.00026862354905535295,1.867638640644904
3,4,2.348805388337793,0.06981893741453948,0.0,0.00034201063729166206,2.349390975608378
4,5,2.7343783551437175,0.12850854149303093,0.0,0.00040045722808097886,2.7351079048471947
5,6,3.0141124591789126,0.19386056647394412,0.0,0.0004477430660340739,3.0149459514363475
6,7,3.184396531957697,0.2478591570733677,0.0,0.00047399709233038583,3.1853045277346927
7,8,3.2410942215764895,0.2685832030577089,0.0,0.0004846934997746923,3.2420325260999134
