,subsizes,<S>,<S^2>,<S>_typ,<S>_deg,<S>_all,<S^2>_deg,<S^2>_all
0,1,0.6853142072764583,1.1102230246251565e-16,0.0,0.6853142072764585,0.6853142072764583,-2.7755575615628914e-16,5.551115123125783e-17
1,2,1.3435243501216378,0.0007238724882105974,0.0,1.3495091253057014,1.3455483410549123,0.0004862382214376737,0.0006511471329009311
2,3,1.9273915880336279,0.006864447656253159,0.0,1.9494069394799083,1.9347022544298909,0.00481664494548717,0.006293170651350266
3,4,2.4194935882670285,0.02543391996677613,0.0,2.468445356215917,2.435572865254062,0.018378562683196265,0.02361700519971155
4,5,2.811494870134953,0.05901160761238344,0.0,2.89241741370756,2.8379810741227054,0.04363163327280084,0.055355883463882094
5,6,3.0941288095804245,0.1003090820257242,0.0,3.207200710485909,3.1310602085424373,0.07588104291424536,0.09500458876747508
6,7,3.264450551457145,0.13605329461186955,0.0,3.4012545722768683,3.309077701658059,0.10496012824998324,0.12980391207977604
7,8,3.3203960322338597,0.15004391733054057,0.0,3.467764186834424,3.3684161470461063,0.11717595315391627,0.14383886686736247
