,subsizes,<S>,<S^2>,<S>_typ,<S>_deg,<S>_all
0,1,0.6931471805599455,-2.7755575615628914e-16,0.0,0.674781742442545,0.6931471805599455
1,2,1.3747458434583248,0.00012217076883613842,0.0,1.3414373720004409,1.3749810065321142
2,3,2.0009117106251226,0.0031089328599662736,0.0,1.9641785448059723,2.001811708179744
3,4,2.552399095857648,0.014149204257637216,0.0,2.512077312305145,2.5536981993448102
4,5,3.0162202805108294,0.037124615343000045,0.0,2.977807723855603,3.01804128503087
5,6,3.370023386878714,0.06878556269510483,0.0,3.3442804767811714,3.372780770700459
6,7,3.596607966582978,0.10055801459862757,0.0,3.582673578788895,3.60013210979346
7,8,3.6731089242795463,0.11330202151560265,0.0,3.666412729519365,3.677014360920799
