,subsizes,<S>,<S^2>,<S>_typ,<S>_deg,<S>_all
0,1,0.37677016125643686,2.7755575615628914e-17,0.0,0.05880037929983322,0.422578466030186
1,2,0.7128780604533604,0.0013175409381451786,0.0,0.07117457855853522,0.7660152937888484
2,3,0.937502633971639,0.0013333852399241009,0.0,0.08245112696041915,0.9940546885963145
3,4,1.1011375352982398,0.0015992239447863987,0.0,0.09259618760843176,1.1611690722176293
4,5,1.2214374030291864,0.002185394843394972,0.0,0.1008961105400494,1.2806481359362087
5,6,1.303177592000093,0.0026829998704183122,0.0,0.1079480511396881,1.3684492169691433
6,7,1.3488635148458812,0.0030472511192671803,0.0,0.11075688902327988,1.4191044223302125
7,8,1.3636280234817657,0.003277740684912267,0.0,0.11221874059823392,1.4348274680057016
