,subsizes,<S>,<S^2>,<S>_typ,<S>_deg,<S>_all
0,1,0.5623351446188084,1.6653345369377348e-16,0.0,0.0,0.5623351446188085
1,2,1.0921128270421414,0.0009901927525097776,0.0,0.0,1.0924858375713422
2,3,1.539794830878379,0.008016820840372585,0.0,0.0,1.5409203171574144
3,4,1.8911780744007605,0.023583511609563956,0.0,0.0,1.8927221680960449
4,5,2.1468224838266496,0.04244509046884826,0.0,0.0,2.1484602531236177
5,6,2.3224553650880986,0.06063607664068549,0.0,0.0,2.3239696752717633
6,7,2.425263665549879,0.07369495075618371,0.0,0.0,2.4266947072965146
7,8,2.4590076889899004,0.0785349542219489,0.0,0.0,2.4603995294632335
