,subsizes,<S>,<S^2>,<S>_typ,<S>_deg,<S>_all
0,1,0.5623351446188085,5.551115123125783e-17,0.0,,0.5623351446188086
1,2,1.0920225290235979,0.0010276589117668156,0.0,,1.0933521296041466
2,3,1.540574072614961,0.008265894204096735,0.0,,1.543407381059448
3,4,1.8929022550286012,0.024520469485791008,0.0,,1.896882983843609
4,5,2.1482436765782187,0.04411493699226998,0.0,,2.153049333451386
5,6,2.323115104408375,0.06300966832014154,0.0,,2.328410399204994
6,7,2.425258672542133,0.07661255090625207,0.0,,2.430771808649759
7,8,2.458607308631873,0.08152746108701514,0.0,,2.4642371349646504
