,subsizes,<S>,<S^2>,<S>_typ,<S>_deg,<S>_all
0,1,0.4825775651770122,-2.7755575615628914e-17,0.0,0.0,0.4825775651770122
1,2,0.9285721863003845,0.0014383642393568374,0.0,0.0,0.9285721863003845
2,3,1.287636158454739,0.00930238777658654,0.0,0.0,1.287636158454739
3,4,1.5464396736529034,0.018722453527142413,0.0,0.0,1.5464396736529034
4,5,1.7347670985624746,0.029592461973424022,0.0,0.0,1.7347670985624746
5,6,1.8648401524974394,0.040449569529634744,0.0,0.0,1.8648401524974394
6,7,1.9405166032270635,0.04810739804266184,0.0,0.0,1.9405166032270635
7,8,1.9654394310430792,0.05108327371135646,0.0,0.0,1.9654394310430792
