,subsizes,<S>,<S^2>,<S>_typ,<S>_deg,<S>_all
0,1,0.6210863745552453,0.0,0.0,0.6210863745552453,0.6210863745552453
1,2,1.2146357868318642,0.0005907567714051876,0.0,1.2138378303933504,1.2146346117505478
2,3,1.733580000119124,0.0064066342746023075,0.0,1.7398105276131308,1.734368122519967
3,4,2.161800530925797,0.022768126374633546,0.0,2.179607309130762,2.164187190390012
4,5,2.4921119489278576,0.04828093230855757,0.0,2.526524113863692,2.4965874879706353
5,6,2.7212529988275866,0.07490106895380944,0.0,2.7775437525010824,2.728290277143494
6,7,2.8567002058022823,0.095621638035146,0.0,2.928347873701369,2.8655795331595177
7,8,2.9013057682705767,0.10364571808467993,0.0,2.978808743933034,2.9109039974250663
