,subsizes,<S>,<S^2>,<S>_typ,<S>_deg,<S>_all
0,1,0.3767701612564371,-2.7755575615628914e-17,0.0,0.025984149052168056,0.38976223578252106
1,2,0.7138120406915315,0.0014041513394330574,0.0,0.05073254756957206,0.7403952430226065
2,3,0.9370592415104707,0.0010236252795470246,0.0,0.07279086796653214,0.9799829517009913
3,4,1.1048556910149228,0.001356292894397093,0.0,0.09000664634126486,1.1628050080608594
4,5,1.2229252901923944,0.002039375427177914,0.0,0.0996634913663022,1.292978260414005
5,6,1.3018459760821797,0.0026533090036160445,0.0,0.10695026169043798,1.3818373799535375
6,7,1.3478156836504576,0.0030343517474662463,0.0,0.1093934143238522,1.4335688207684663
7,8,1.3630470991690973,0.003295550528686686,0.0,0.1101882464581796,1.4511238133574957
