,subsizes,<S>,<S^2>,<S>_typ,<S>_deg,<S>_all
0,1,0.5623351446188085,0.0,0.0,0.0,0.5623351446188085
1,2,1.0924858375713422,0.0009862810513927567,0.0,0.0,1.0924858375713422
2,3,1.5409203171574144,0.007936835188926405,0.0,0.0,1.5409203171574144
3,4,1.892722168096045,0.023424319996621534,0.0,0.0,1.892722168096045
4,5,2.1484602531236177,0.042263467764529494,0.0,0.0,2.1484602531236177
5,6,2.3239696752717633,0.060476273293848415,0.0,0.0,2.3239696752717633
6,7,2.426694707296515,0.07352964000182816,0.0,0.0,2.426694707296515
7,8,2.4603995294632335,0.07838971112500737,0.0,0.0,2.4603995294632335
