,subsizes,<S>,<S^2>,<S>_typ,<S>_deg,<S>_all
0,1,0.37677016125643703,0.0,0.0,0.025984149052168056,0.38976223578252106
1,2,0.7138120406915315,0.0014041513394329463,0.0,0.05073254756957206,0.7403952430226066
2,3,0.9370592415104707,0.0010236252795470246,0.0,0.07279086796653214,0.9799829517009916
3,4,1.1048556910149228,0.001356292894397093,0.0,0.09000664634126486,1.1628050080608594
4,5,1.2229252901923946,0.00203937542717747,0.0,0.0996634913663022,1.292978260414005
5,6,1.3018459760821797,0.0026533090036160445,0.0,0.10695026169043798,1.3818373799535373
6,7,1.3478156836504573,0.0030343517474666903,0.0,0.10939341432385216,1.433568820768466
7,8,1.363047099169097,0.00329555052868713,0.0,0.1101882464581796,1.4511238133574957
