,subsizes,<S>,<S^2>,<S>_typ,<S>_deg,<S>_all
0,1,0.5623351446188084,1.1102230246251565e-16,0.0,0.0,0.5623351446188085
1,2,1.0921128270421416,0.0009901927525093335,0.0,0.0,1.0924858375713422
2,3,1.539794830878379,0.008016820840373029,0.0,0.0,1.5409203171574144
3,4,1.8911780744007605,0.023583511609564844,0.0,0.0,1.892722168096045
4,5,2.1468224838266496,0.04244509046884826,0.0,0.0,2.1484602531236177
5,6,2.3224553650880986,0.060636076640686376,0.0,0.0,2.3239696752717633
6,7,2.425263665549879,0.07369495075618371,0.0,0.0,2.426694707296515
7,8,2.4590076889899004,0.078534954221948,0.0,0.0,2.4603995294632335
