,subsizes,<S>,<S^2>,<S>_typ,<S>_deg,<S>_all
0,1,0.48257756517701234,-5.551115123125783e-17,0.0,,0.48257756517701234
1,2,0.9288551764880661,0.0012754966304602267,0.0,,0.929105323274025
2,3,1.284316961157337,0.009112941780826445,0.0,,1.2849298995021985
3,4,1.5414317378740607,0.018966848830197947,0.0,,1.5407939431639959
4,5,1.7290751428378477,0.03033159410512898,0.0,,1.7284539126963383
5,6,1.8578591839306642,0.04165859816745776,0.0,,1.857796904480756
6,7,1.9327544844016284,0.04958917244436467,0.0,,1.9327588947807812
7,8,1.9573772250523283,0.05257833198235318,0.0,,1.9573835209668544
