,subsizes,<S>,<S^2>,<S>_typ,<S>_deg,<S>_all
0,1,0.6210863745552453,-5.551115123125783e-17,0.0,0.0,0.6210863745552453
1,2,1.2131834552185237,0.0008204776971352246,0.0,0.0,1.2131834552185237
2,3,1.7290928204211173,0.007447377150703538,0.0,0.0,1.7290928204211173
3,4,2.1519961347511734,0.024856785293470907,0.0,0.0,2.1519961347511734
4,5,2.476140218193042,0.05106350398269299,0.0,0.0,2.476140218193042
5,6,2.7000830253478947,0.07796553654864802,0.0,0.0,2.7000830253478947
6,7,2.8318339858958654,0.09867533972908049,0.0,0.0,2.8318339858958654
7,8,2.8752535818641753,0.10679087721034186,0.0,0.0,2.8752535818641753
