,subsizes,<S>,<S^2>,<S>_typ,<S>_deg,<S>_all
0,1,0.6210863745552453,5.551115123125783e-17,0.0,0.0,0.6210863745552453
1,2,1.21305644813533,0.000824731774417442,0.0,0.0,1.2131834552185237
2,3,1.7288761227927045,0.007435127854706458,0.0,0.0,1.7290928204211173
3,4,2.151774794602995,0.024782791113733715,0.0,0.0,2.1519961347511707
4,5,2.475907454619907,0.05091288803531224,0.0,0.0,2.4761402181930428
5,6,2.6998166516828954,0.07772346939498842,0.0,0.0,2.700083025347895
6,7,2.8315566918918167,0.09840521529404,0.0,0.0,2.831833985895865
7,8,2.8749584389455514,0.1065037143187233,0.0,0.0,2.8752535818641762
