,subsizes,<S>,<S^2>,<S>_typ,<S>_deg,<S>_all
0,1,0.376770161256437,5.551115123125783e-17,0.0,0.02598414905216806,0.38976223578252106
1,2,0.7128780604533606,0.0013175409381451786,0.0,0.05073254756957206,0.7455732627998853
2,3,0.937502633971639,0.0013333852399241009,0.0,0.07334989859913958,0.984953460235035
3,4,1.1011375352982395,0.0015992239447868428,0.0,0.09338885460113241,1.1619617392103299
4,5,1.221437403029186,0.0021853948433960824,0.0,0.10934818327107862,1.289100208667238
5,6,1.303177592000093,0.0026829998704183122,0.0,0.12225997537282081,1.382761141202276
6,7,1.3488635148458812,0.0030472511192669582,0.0,0.12942885603658127,1.437776389343514
7,8,1.3636280234817657,0.003277740684912267,0.0,0.13234959922597783,1.4549583266334452
