,subsizes,<S>,<S^2>,<S>_typ,<S>_deg,<S>_all
0,1,0.6853142072764583,5.551115123125783e-17,0.0,0.0,0.6853142072764583
1,2,1.348355468237984,0.0007203084062143983,0.0,0.0,1.3484020239468737
2,3,1.9434566611630926,0.006757543527327492,0.0,0.0,1.9434999509269837
3,4,2.4520947873418226,0.025065242097994656,0.0,0.0,2.452205077553782
4,5,2.8629561343555237,0.05838838359382059,0.0,0.0,2.863133184459473
5,6,3.1630190278782875,0.09959878418868406,0.0,0.0,3.1632551938687428
6,7,3.3457448318831626,0.13577790336215223,0.0,0.0,3.3460191743957064
7,8,3.4067881743009596,0.1504531096389652,0.0,0.0,3.407083443932475
