,subsizes,<S>,<S^2>,<S>_typ,<S>_deg,<S>_all
0,1,0.661563238157982,2.220446049250313e-16,0.0,0.0,0.661563238157982
1,2,1.296414746198497,0.000813007200919369,0.0,0.0,1.296414746198497
2,3,1.8585343145485245,0.007185964241215981,0.0,0.0,1.8585343145485245
3,4,2.328897686945638,0.025370102176589526,0.0,0.0,2.328897686945638
4,5,2.6984108136200695,0.055929185740477116,0.0,0.0,2.6984108136200695
5,6,2.9592565709582948,0.09041128760575923,0.0,0.0,2.9592565709582948
6,7,3.113501800969949,0.1183942763132464,0.0,0.0,3.113501800969949
7,8,3.164140001711408,0.12884790253228928,0.0,0.0,3.164140001711408
