,subsizes,<S>,<S^2>,<S>_typ,<S>_deg,<S>_all
0,1,0.661563238157982,2.7755575615628914e-16,0.0,0.661563238157982,0.661563238157982
1,2,1.2953543398883316,0.0006528090407398324,0.0,1.2975038833119825,1.2957935405867993
2,3,1.8548170682568559,0.006420097697816374,0.0,1.8651402993912762,1.8567985435240506
3,4,2.3218701245954776,0.023655644542589727,0.0,2.3455219336427984,2.3263048602676517
4,5,2.688613118493162,0.05351505876992757,0.0,2.729130347333479,2.695948221006818
5,6,2.947441148270448,0.08765797881574144,0.0,3.005545144332406,2.9578133029808025
6,7,3.1001820020225095,0.1154827716583906,0.0,3.1717048079623322,3.1128457628118187
7,8,3.1506166814817966,0.126282269706536,0.0,3.2253782408188227,3.1638509358584455
