,subsizes,<S>,<S^2>,<S>_typ,<S>_deg,<S>_all
0,1,0.6853142072764583,1.1102230246251565e-16,0.0,0.6853142072764585,0.6853142072764583
1,2,1.3435243501216378,0.0007238724882105974,0.0,1.3495091253057014,1.3455483410549123
2,3,1.9273915880336279,0.006864447656253159,0.0,1.9494069394799083,1.9347022544298909
3,4,2.4194935882670285,0.02543391996677613,0.0,2.468445356215917,2.435572865254062
4,5,2.811494870134953,0.05901160761238344,0.0,2.89241741370756,2.8379810741227054
5,6,3.0941288095804245,0.1003090820257242,0.0,3.207200710485909,3.1310602085424373
6,7,3.264450551457145,0.13605329461186955,0.0,3.4012545722768683,3.309077701658059
7,8,3.3203960322338597,0.15004391733054057,0.0,3.467764186834424,3.3684161470461063
