,subsizes,<S>,<S^2>,<S>_typ,<S>_deg,<S>_all,<S^2>_deg,<S^2>_all
0,1,0.661563238157982,4.259362856050749e-32,0.0,0.0,0.661563238157982,0.0,4.262192633576121e-32
1,2,1.2963886157231843,0.0007194158975948668,0.0,0.0,1.296414746198497,0.0,0.0007208496131454869
2,3,1.8583082484157718,0.006256966976065476,0.0,0.0,1.8585343145485245,0.0,0.006247427587778979
3,4,2.3285131789935787,0.021684626897648905,0.0,0.0,2.328897686945638,0.0,0.021657584812891706
4,5,2.697889742829301,0.04590944992070803,0.0,0.0,2.6984108136200695,0.0,0.045864900579229755
5,6,2.9586417305801516,0.07213061530638955,0.0,0.0,2.9592565709582948,0.0,0.07209388955446543
6,7,3.1128234230313185,0.09251820759306331,0.0,0.0,3.113501800969949,0.0,0.09250247650041762
7,8,3.1634482284409566,0.10038470848149375,0.0,0.0,3.164140001711408,0.0,0.10037364368100005
