,subsizes,<S>,<S^2>,<S>_typ,<S>_deg,<S>_all
0,1,0.5623351446188084,1.6653345369377348e-16,0.0,0.24532643122380987,0.5623351446188085
1,2,1.0920225290235979,0.0010276589117668156,0.0,0.4850251146573613,1.0932835953979747
2,3,1.540574072614962,0.008265894204094959,0.0,0.6893870615060808,1.543172432824744
3,4,1.8929022550286017,0.02452046948578923,0.0,0.8510328486745671,1.896399833013044
4,5,2.1482436765782187,0.04411493699227087,0.0,0.9757961493162783,2.1525013100651544
5,6,2.3231151044083753,0.06300966832013888,0.0,1.0643356515547573,2.327834877212558
6,7,2.4252586725421335,0.07661255090624941,0.0,1.117522233202802,2.430260339629204
7,8,2.458607308631873,0.08152746108701514,0.0,1.1364235969587764,2.463757551909491
