,subsizes,<S>,<S^2>,<S>_typ,<S>_deg,<S>_all
0,1,0.4825775651770122,-2.7755575615628914e-17,0.0,0.0,0.4825775651770122
1,2,0.9285721863003845,0.0014383642393568374,0.0,0.0,0.9285721863003845
2,3,1.2876361584547389,0.009302387776586984,0.0,0.0,1.2876361584547389
3,4,1.5464396736529034,0.018722453527141525,0.0,0.0,1.5464396736529034
4,5,1.7347670985624746,0.02959246197342358,0.0,0.0,1.7347670985624746
5,6,1.8648401524974394,0.040449569529633855,0.0,0.0,1.8648401524974394
6,7,1.9405166032270635,0.04810739804266184,0.0,0.0,1.9405166032270635
7,8,1.9654394310430794,0.051083273711355126,0.0,0.0,1.9654394310430794
