,subsizes,<S>,<S^2>,<S>_typ,<S>_deg,<S>_all,<S^2>_deg,<S^2>_all
0,1,0.661563238157982,2.7755575615628914e-16,0.0,0.661563238157982,0.661563238157982,2.220446049250313e-16,2.220446049250313e-16
1,2,1.2953543398883316,0.0006528090407398324,0.0,1.2975038833119825,1.2957935405867993,0.0009802477029159373,0.0007055094444694543
2,3,1.8548170682568559,0.006420097697816374,0.0,1.8651402993912762,1.8567985435240506,0.00711547676051838,0.006534780530610185
3,4,2.3218701245954776,0.023655644542589727,0.0,2.3455219336427984,2.3263048602676517,0.023559348144511993,0.023661007157788738
4,5,2.688613118493162,0.05351505876992757,0.0,2.729130347333479,2.695948221006818,0.05090435093212875,0.053175339666223564
5,6,2.947441148270448,0.08765797881574144,0.0,3.005545144332406,2.9578133029808025,0.08196950786438961,0.08690488769428839
6,7,3.1001820020225095,0.1154827716583906,0.0,3.1717048079623322,3.1128457628118187,0.10742651782556756,0.11443549351866622
7,8,3.1506166814817966,0.126282269706536,0.0,3.2253782408188227,3.1638509358584455,0.11604821028416978,0.124884417993254
