,subsizes,<S>,<S^2>,<S>_typ,<S>_deg,<S>_all,<S^2>_deg,<S^2>_all
0,1,0.6210863745552453,0.0,0.0,0.6210863745552453,0.6210863745552453,0.0,0.0
1,2,1.2146357868318642,0.0005907567714051876,0.0,1.2138378303933504,1.2146346117505478,0.001436651306805814,0.0006867311288409894
2,3,1.733580000119124,0.0064066342746023075,0.0,1.7398105276131308,1.734368122519967,0.008775164104704913,0.006729806438408925
3,4,2.161800530925797,0.022768126374633546,0.0,2.179607309130762,2.164187190390012,0.02309262123158007,0.02306133259790588
4,5,2.4921119489278576,0.04828093230855757,0.0,2.526524113863692,2.4965874879706353,0.043721184738726215,0.04834075113323344
5,6,2.7212529988275866,0.07490106895380944,0.0,2.7775437525010824,2.728290277143494,0.06818662749043636,0.0751018236254195
6,7,2.8567002058022823,0.095621638035146,0.0,2.928347873701369,2.8655795331595177,0.08947422363199564,0.09622455970168886
7,8,2.9013057682705767,0.10364571808467993,0.0,2.978808743933034,2.9109039974250663,0.09839746604644617,0.1045073748627896
