,subsizes,<S>,<S^2>,<S>_typ,<S>_deg,<S>_all,<S^2>_deg,<S^2>_all
0,1,0.4825775651770122,2.7755575615628914e-17,0.0,0.012064439129425309,0.4825775651770122,0.005676476968796731,2.7755575615628914e-17
1,2,0.9288551764880661,0.0012754966304602267,0.0,0.0237468176025408,0.9291053232740247,0.02199254250368532,0.0013299950775306213
2,3,1.284316961157337,0.009112941780826667,0.0,0.03461836930059751,1.2849298995021987,0.046738828228269524,0.009352310538000896
3,4,1.5414317378740607,0.018966848830197947,0.0,0.045052717936740046,1.5407939431639959,0.07916014834601089,0.019083315217621966
4,5,1.7290751428378477,0.03033159410512898,0.0,0.05395503502389944,1.7284539126963379,0.11353468637277842,0.030464857336728546
5,6,1.8578591839306642,0.04165859816745776,0.0,0.06003601578787088,1.857796904480756,0.14056860447557776,0.04189689104466954
6,7,1.9327544844016284,0.04958917244436423,0.0,0.06320075697863099,1.9327588947807812,0.15577909162420706,0.0498749800776066
7,8,1.9573772250523278,0.052578331982354065,0.0,0.06407697081611405,1.9573835209668544,0.16012846936979616,0.05286545119743513
