,subsizes,<S>,<S^2>,<S>_typ,<S>_deg,<S>_all
0,1,0.6210863745552453,5.551115123125783e-17,0.0,0.0,0.6210863745552453
1,2,1.2131834552185237,0.0008204776971356686,0.0,0.0,1.2131834552185237
2,3,1.7290928204211173,0.007447377150702206,0.0,0.0,1.7290928204211173
3,4,2.1519961347511707,0.024856785293472683,0.0,0.0,2.1519961347511707
4,5,2.4761402181930428,0.051063503982691216,0.0,0.0,2.4761402181930428
5,6,2.700083025347895,0.07796553654865068,0.0,0.0,2.700083025347895
6,7,2.831833985895865,0.09867533972908404,0.0,0.0,2.831833985895865
7,8,2.8752535818641762,0.10679087721034008,0.0,0.0,2.8752535818641762
