,subsizes,<S>,<S^2>,<S>_typ,<S>_deg,<S>_all,<S^2>_deg,<S^2>_all
0,1,0.661563238157982,2.7755575615628914e-16,0.0,0.6615632381579821,0.6615632381579821,1.1102230246251565e-16,1.1102230246251565e-16
1,2,1.295305292827173,0.0006528923229929262,0.0,1.29779662466268,1.295821548555689,0.0010055599301654894,0.0007091442856586028
2,3,1.8547146080131636,0.0064243359115288,0.0,1.8657427188757967,1.8568968986702143,0.00721613973485713,0.006556733255143055
3,4,2.321697880149,0.023656660709654886,0.0,2.3463937890594786,2.3264729601374508,0.024066962638666034,0.02374372179203199
4,5,2.688362779506529,0.053520450234707084,0.0,2.730660343751859,2.696228516436198,0.05208072965189636,0.05337366492460216
5,6,2.947160640256102,0.08765722478718807,0.0,3.0074345446575856,2.9581788122284447,0.08396735111059961,0.0872398755376178
6,7,3.0998400629594247,0.115421035709252,0.0,3.1738920786326856,3.1132484541020893,0.11038944971989828,0.1148876502902727
7,8,3.1502495159134356,0.1261870928405493,0.0,3.227832388172939,3.164292664494336,0.11930096488054964,0.12536620961698297
