,subsizes,<S>,<S^2>,<S>_typ,<S>_deg,<S>_all
0,1,0.661563238157982,2.220446049250313e-16,0.0,0.0,0.661563238157982
1,2,1.2963886157231843,0.0008107703021171808,0.0,0.0,1.296414746198497
2,3,1.8583082484157716,0.007207081451642505,0.0,0.0,1.8585343145485247
3,4,2.328513178993578,0.025438755362874765,0.0,0.0,2.328897686945638
4,5,2.697889742829301,0.05605162855488022,0.0,0.0,2.6984108136200695
5,6,2.9586417305801525,0.09056195865549377,0.0,0.0,2.9592565709582948
6,7,3.1128234230313185,0.11851800145543123,0.0,0.0,3.113501800969949
7,8,3.1634482284409566,0.1289599418519618,0.0,0.0,3.1641400017114085
