,subsizes,<S>,<S^2>,<S>_typ,<S>_deg,<S>_all,<S^2>_deg,<S^2>_all
0,1,0.6853142072764584,-1.1102230246251565e-16,0.0,0.6853142072764585,0.6853142072764583,-2.7755575615628914e-16,5.551115123125783e-17
1,2,1.343506185562878,0.0007291619113485304,0.0,1.349481102900464,1.3455415278858953,0.0004657338309599357,0.0006475073374903051
2,3,1.927561962225149,0.006851919249067251,0.0,1.9490076290296985,1.934758986324266,0.004840601678303358,0.0062807023346485025
3,4,2.419758128839828,0.025402709720389716,0.0,2.4677081749707903,2.4356851625490634,0.01850528026613585,0.023597517264713375
4,5,2.81185996846641,0.05902919637782578,0.0,2.8914379633611174,2.838204357762946,0.043920289674543866,0.05536442992420909
5,6,3.09456467596222,0.10050385616748692,0.0,3.2059239379303,3.1313543220945386,0.07614692497172015,0.09504487417538598
6,7,3.264808300175169,0.13636291983121396,0.0,3.400099362614752,3.309445200703056,0.10526979582281015,0.1298884768414652
7,8,3.320752477861987,0.15038257414681588,0.0,3.466596309659022,3.368817282195526,0.11751465615740209,0.14393077435274648
