,subsizes,<S>,<S^2>,<S>_typ,<S>_deg,<S>_all
0,1,0.6853142072764583,5.551115123125783e-17,0.0,0.0,0.6853142072764583
1,2,1.3484020239468737,0.0007156162161530144,0.0,0.0,1.3484020239468737
2,3,1.9434999509269832,0.006747882326297194,0.0,0.0,1.9434999509269832
3,4,2.4522050775537814,0.02506577678864641,0.0,0.0,2.4522050775537814
4,5,2.8631331844594725,0.058423517244166945,0.0,0.0,2.8631331844594725
5,6,3.1632551938687428,0.09968770457101961,0.0,0.0,3.1632551938687428
6,7,3.346019174395706,0.13593034148033212,0.0,0.0,3.346019174395706
7,8,3.4070834439324753,0.15063335706976488,0.0,0.0,3.4070834439324753
