,subsizes,<S>,<S^2>,<S>_typ,<S>_deg,<S>_all
0,1,0.6853142072764583,5.551115123125783e-17,0.0,0.0,0.6853142072764583
1,2,1.3484020239468737,0.0007156162161525703,0.0,0.0,1.3484020239468737
2,3,1.9434999509269837,0.006747882326295418,0.0,0.0,1.9434999509269837
3,4,2.452205077553782,0.025065776788644634,0.0,0.0,2.452205077553782
4,5,2.863133184459473,0.05842351724416872,0.0,0.0,2.863133184459473
5,6,3.1632551938687428,0.09968770457101961,0.0,0.0,3.1632551938687428
6,7,3.3460191743957064,0.1359303414803268,0.0,0.0,3.3460191743957064
7,8,3.407083443932475,0.1506333570697631,0.0,0.0,3.407083443932475
