,subsizes,<S>,<S^2>,<S>_typ,<S>_deg,<S>_all
0,1,0.6853142072764583,1.1102230246251565e-16,0.0,0.0,0.6853142072764583
1,2,1.348355468237984,0.0007203084062141762,0.0,0.0,1.3484020239468737
2,3,1.9434566611630921,0.006757543527329268,0.0,0.0,1.9434999509269832
3,4,2.4520947873418226,0.025065242097995544,0.0,0.0,2.4522050775537814
4,5,2.8629561343555237,0.058388383593818816,0.0,0.0,2.8631331844594725
5,6,3.1630190278782875,0.09959878418868406,0.0,0.0,3.1632551938687428
6,7,3.3457448318831626,0.135777903362154,0.0,0.0,3.346019174395706
7,8,3.4067881743009596,0.15045310963896874,0.0,0.0,3.4070834439324753
