,subsizes,<S>,<S^2>,<S>_typ,<S>_deg,<S>_all
0,1,0.6210863745552455,-3.3306690738754696e-16,0.0,0.6210863745552453,0.6210863745552452
1,2,1.2147150388633388,0.0005766347079907419,0.0,1.2108840485632115,1.2145542119305652
2,3,1.7338076134606353,0.006304979902632013,0.0,1.7328620131475336,1.734063520399148
3,4,2.1621452472636404,0.022490452332784905,0.0,2.1673866440780603,2.163477251772634
4,5,2.4925822519759935,0.04777542202742335,0.0,2.508042534829817,2.495388491175944
5,6,2.721802007820107,0.07419905063448518,0.0,2.7515901954776,2.72646698579384
6,7,2.8573128801178247,0.09478044353607373,0.0,2.8980867357561797,2.863417073976771
7,8,2.901930485996255,0.10276201882059688,0.0,2.947449286549099,2.9086463180170092
