,subsizes,<S>,<S^2>,<S>_typ,<S>_deg,<S>_all
0,1,0.37677016125643703,0.0,0.0,0.025984149052168056,0.38976223578252106
1,2,0.7139246224795899,0.001145268999440896,0.0,0.05073254756957206,0.7403952430226066
2,3,0.9405083092790079,0.000999340950911587,0.0,0.07334989859913958,0.9799829517009916
3,4,1.1045301006993928,0.0013309425125447305,0.0,0.09338885460113241,1.1628050080608594
4,5,1.2229750951873675,0.002039866472481666,0.0,0.10934818327107862,1.292978260414005
5,6,1.3029626508522396,0.002661685034855532,0.0,0.12225997537282082,1.3818373799535373
6,7,1.348720169160963,0.0030387230038582125,0.0,0.12942885603658127,1.433568820768466
7,8,1.363937799917141,0.0032802344765798797,0.0,0.13234959922597786,1.4511238133574957
