,subsizes,<S>,<S^2>,<S>_typ,<S>_deg,<S>_all
0,1,0.6853142072764584,-1.1102230246251565e-16,0.0,0.6853142072764585,0.6853142072764583
1,2,1.343506185562878,0.0007291619113485304,0.0,1.349481102900464,1.3455415278858953
2,3,1.927561962225149,0.006851919249067251,0.0,1.9490076290296985,1.934758986324266
3,4,2.419758128839828,0.025402709720389716,0.0,2.4677081749707903,2.4356851625490634
4,5,2.81185996846641,0.05902919637782578,0.0,2.8914379633611174,2.838204357762946
5,6,3.09456467596222,0.10050385616748692,0.0,3.2059239379303,3.1313543220945386
6,7,3.264808300175169,0.13636291983121396,0.0,3.400099362614752,3.309445200703056
7,8,3.320752477861987,0.15038257414681588,0.0,3.466596309659022,3.368817282195526
