,subsizes,<S>,<S^2>,<S>_typ,<S>_deg,<S>_all
0,1,0.37677016125643686,2.7755575615628914e-17,0.0,0.025984149052168056,0.3897622357825209
1,2,0.7128780604533604,0.0013175409381451786,0.0,0.05073254756957206,0.745573262799885
2,3,0.937502633971639,0.0013333852399241009,0.0,0.07334989859913958,0.984953460235035
3,4,1.1011375352982398,0.0015992239447863987,0.0,0.09338885460113241,1.1619617392103299
4,5,1.2214374030291864,0.002185394843394972,0.0,0.10934818327107862,1.289100208667238
5,6,1.303177592000093,0.0026829998704183122,0.0,0.12225997537282082,1.382761141202276
6,7,1.3488635148458812,0.0030472511192671803,0.0,0.12942885603658127,1.437776389343514
7,8,1.3636280234817657,0.003277740684912267,0.0,0.13234959922597786,1.4549583266334452
