,subsizes,<S>,<S^2>,<S>_typ,<S>_deg,<S>_all,<S^2>_deg,<S^2>_all
0,1,0.5623351446188085,5.551115123125783e-17,0.0,0.24532643122380987,0.5623351446188086,0.0777706163240466,-1.1102230246251565e-16
1,2,1.0920225290235979,0.0010276589117668156,0.0,0.48599120993452427,1.0933521296041466,0.3052299194163622,0.0009910101921621894
2,3,1.540574072614961,0.008265894204096735,0.0,0.6927106967821878,1.543407381059448,0.6205328900896079,0.007955404795293664
3,4,1.8929022550286012,0.024520469485791008,0.0,0.8578853502324307,1.896882983843609,0.9521540190477144,0.02358348832811208
4,5,2.1482436765782187,0.04411493699226998,0.0,0.9835970562294251,2.153049333451386,1.252550046382445,0.04241846075457101
5,6,2.323115104408375,0.06300966832014154,0.0,1.0725492131195649,2.328410399204994,1.4904189831820531,0.06050458992947938
6,7,2.425258672542133,0.07661255090625207,0.0,1.1248566859721454,2.430771808649759,1.6399684508380845,0.073456497829536
7,8,2.458607308631873,0.08152746108701514,0.0,1.1433139663893224,2.4642371349646504,1.6947434910271135,0.07818218113626418
