,subsizes,<S>,<S^2>,<S>_typ,<S>_deg,<S>_all
0,1,0.661563238157982,2.7755575615628914e-16,0.0,0.6615632381579821,0.6615632381579821
1,2,1.295305292827173,0.0006528923229929262,0.0,1.29779662466268,1.295821548555689
2,3,1.8547146080131636,0.0064243359115288,0.0,1.8657427188757967,1.8568968986702143
3,4,2.321697880149,0.023656660709654886,0.0,2.3463937890594786,2.3264729601374508
4,5,2.688362779506529,0.053520450234707084,0.0,2.730660343751859,2.696228516436198
5,6,2.947160640256102,0.08765722478718807,0.0,3.0074345446575856,2.9581788122284447
6,7,3.0998400629594247,0.115421035709252,0.0,3.1738920786326856,3.1132484541020893
7,8,3.1502495159134356,0.1261870928405493,0.0,3.227832388172939,3.164292664494336
