,subsizes,<S>,<S^2>,<S>_typ,<S>_deg,<S>_all,<S^2>_deg,<S^2>_all
0,1,0.6210863745552455,-3.3306690738754696e-16,0.0,0.6210863745552453,0.6210863745552452,-5.551115123125783e-17,1.6653345369377348e-16
1,2,1.2147150388633388,0.0005766347079907419,0.0,1.2108840485632115,1.2145542119305652,0.001727984421648232,0.0006823727418847625
2,3,1.7338076134606353,0.006304979902632013,0.0,1.7328620131475336,1.734063520399148,0.010325473361731508,0.0067231765218549455
3,4,2.1621452472636404,0.022490452332784905,0.0,2.1673866440780603,2.163477251772634,0.027341171388965968,0.023050698413192627
4,5,2.4925822519759935,0.04777542202742335,0.0,2.508042534829817,2.495388491175944,0.051478429567191064,0.0482926858089483
5,6,2.721802007820107,0.07419905063448518,0.0,2.7515901954776,2.72646698579384,0.07895046410995832,0.07493812993358073
6,7,2.8573128801178247,0.09478044353607373,0.0,2.8980867357561797,2.863417073976771,0.10273297390264347,0.09600529101268407
7,8,2.901930485996255,0.10276201882059688,0.0,2.947449286549099,2.9086463180170092,0.11299503827658874,0.10431428580030122
