,subsizes,<S>,<S^2>,<S>_typ,<S>_deg,<S>_all,<S^2>_deg,<S^2>_all
0,1,0.5623351446188084,1.6653345369377348e-16,0.0,0.24532643122380987,0.5623351446188085,0.07777061632404657,0.0
1,2,1.0920225290235979,0.0010276589117668156,0.0,0.4850251146573613,1.0932835953979747,0.3040433007562361,0.0009901529885112392
2,3,1.540574072614962,0.008265894204094959,0.0,0.6893870615060808,1.543172432824744,0.6149007947494296,0.007957730585153033
3,4,1.8929022550286017,0.02452046948578923,0.0,0.8510328486745671,1.896399833013044,0.9378507821023103,0.023581982657677525
4,5,2.1482436765782187,0.04411493699227087,0.0,0.9757961493162783,2.1525013100651544,1.2343423199543562,0.04242537341092234
5,6,2.3231151044083753,0.06300966832013888,0.0,1.0643356515547573,2.327834877212558,1.4709472027020136,0.06059167192130044
6,7,2.4252586725421335,0.07661255090624941,0.0,1.117522233202802,2.430260339629204,1.6233253882140488,0.07363919575007749
7,8,2.458607308631873,0.08152746108701514,0.0,1.1364235969587764,2.463757551909491,1.6795422939866724,0.07839920600368977
