,subsizes,<S>,<S^2>,<S>_typ,<S>_deg,<S>_all
0,1,0.6931471805599455,-2.7755575615628914e-16,0.0,0.0,0.6931471805599455
1,2,1.3747066802159227,0.00013304874164443703,0.0,0.0,1.3747498715343034
2,3,2.0009031300370856,0.003156786650571064,0.0,0.0,2.001023348515113
3,4,2.551520127582025,0.014407656024523874,0.0,0.0,2.551708110400783
4,5,3.013757406094476,0.03779207459944445,0.0,0.0,3.01408248799571
5,6,3.365706531829979,0.06996151155798103,0.0,0.0,3.366132790381449
6,7,3.590132923875341,0.10188009233474382,0.0,0.0,3.5906408518632267
7,8,3.665866347677838,0.11467909865165282,0.0,0.0,3.666403413728296
