,subsizes,<S>,<S^2>,<S>_typ,<S>_deg,<S>_all
0,1,0.376770161256437,8.326672684688674e-17,0.0,0.02598414905216806,0.38976223578252106
1,2,0.7139246224795899,0.001145268999440896,0.0,0.05073254756957206,0.7403952430226065
2,3,0.9405083092790076,0.00099934095091192,0.0,0.07334989859913958,0.9799829517009913
3,4,1.1045301006993926,0.0013309425125453966,0.0,0.09338885460113241,1.1628050080608594
4,5,1.222975095187367,0.0020398664724825544,0.0,0.10934818327107862,1.292978260414005
5,6,1.3029626508522394,0.0026616850348564203,0.0,0.12225997537282081,1.3818373799535375
6,7,1.348720169160963,0.0030387230038582125,0.0,0.12942885603658127,1.4335688207684663
7,8,1.363937799917141,0.0032802344765796576,0.0,0.13234959922597783,1.4511238133574957
