,subsizes,<S>,<S^2>,<S>_typ,<S>_deg,<S>_all
0,1,0.6210863745552453,-5.551115123125783e-17,0.0,0.0,0.6210863745552453
1,2,1.2130564481353303,0.0008247317744163318,0.0,0.0,1.2131834552185237
2,3,1.728876122792705,0.007435127854706458,0.0,0.0,1.7290928204211173
3,4,2.1517747946029977,0.02478279111373194,0.0,0.0,2.1519961347511734
4,5,2.4759074546199065,0.050912888035311354,0.0,0.0,2.476140218193042
5,6,2.699816651682895,0.07772346939498664,0.0,0.0,2.7000830253478947
6,7,2.8315566918918167,0.09840521529403645,0.0,0.0,2.8318339858958654
7,8,2.8749584389455487,0.10650371431872863,0.0,0.0,2.8752535818641753
