,subsizes,<S>,<S^2>,<S>_typ,<S>_deg,<S>_all,<S^2>_deg,<S^2>_all
0,1,0.48257756517701234,-5.551115123125783e-17,0.0,0.012064439129425309,0.48257756517701234,0.005676476968796731,0.0
1,2,0.9288551764880661,0.0012754966304602267,0.0,0.023698373948380477,0.929105323274025,0.02190290418409386,0.0013299950775300662
2,3,1.284316961157337,0.009112941780826445,0.0,0.034602312259915516,1.2849298995021985,0.04669548053557528,0.009352310538001563
3,4,1.5414317378740607,0.018966848830197947,0.0,0.044808587286478886,1.5407939431639959,0.07830457028978989,0.01908331521762241
4,5,1.7290751428378477,0.03033159410512898,0.0,0.05311696284477794,1.7284539126963383,0.11003505793228728,0.030464857336727214
5,6,1.8578591839306642,0.04165859816745776,0.0,0.059053853813380554,1.857796904480756,0.13600694835827268,0.04189689104466954
6,7,1.9327544844016284,0.04958917244436467,0.0,0.062352281494649324,1.9327588947807812,0.1516244732959316,0.0498749800776066
7,8,1.9573772250523283,0.05257833198235318,0.0,0.06357126119454241,1.9573835209668544,0.15761090474472467,0.05286545119743602
