,subsizes,<S>,<S^2>,<S>_typ,<S>_deg,<S>_all,<S^2>_deg,<S^2>_all
0,1,0.6559242960083028,0.002876699980743802,0.0,0.4201706201266049,0.6564045537383788,0.10511897805048259,0.0029474805960320594
1,2,1.287607506896206,0.013271161613835458,0.0,0.8290689562339694,1.2895285650081614,0.4090058301726146,0.012850874341406637
2,3,1.8352314579328108,0.04006607179331034,0.0,1.189079832283151,1.839490003226342,0.8447834031918358,0.03846406539044711
3,4,2.274985078664367,0.09022887108022104,0.0,1.4853817075118338,2.2822915330951465,1.3282588338461716,0.08765893640838662
4,5,2.5955389097272334,0.1555577531586696,0.0,1.7025185204054547,2.606060837326118,1.7576661977716315,0.15114880874363834
5,6,2.788867232624224,0.21209852077001212,0.0,1.8378683555418385,2.8029746449376325,2.061886105225013,0.2071484632709497
6,7,2.853646269224648,0.23585993592317855,0.0,1.883863172086916,2.8692928050832602,2.173920617937765,0.23084275943060995
