,subsizes,<S>,<S^2>,<S>_typ,<S>_deg,<S>_all
0,1,0.6560796241329805,0.0027366114708779476,0.0,0.00031065624935554443,0.6562349522576582
1,2,1.2899095649057084,0.012979532275968708,0.0,0.0006031927441633582,1.289996353891293
2,3,1.8422548160831875,0.03959113240899681,0.0,0.0008659131653201223,1.8427650981062944
3,4,2.288152816608368,0.09072426575480375,0.0,0.001091014723005237,2.2887172828274625
4,5,2.613343229791292,0.15665913379196628,0.0,0.0012504467678285153,2.614034378086586
5,6,2.8100599012933833,0.21369340350236588,0.0,0.0013633836302069362,2.8107201546974387
6,7,2.876382010555432,0.23807242964130992,0.0,0.0013912601605943235,2.877039153853945
