,subsizes,<S>,<S^2>,<S>_typ,<S>_deg,<S>_all
0,1,0.6560796241329805,0.0027366114708779476,0.0,0.00031065624935554443,0.6562349522576582
1,2,1.2896843257419117,0.013212559548381853,0.0,0.0006031927441633583,1.289996353891293
2,3,1.8422709081488078,0.03943685672073238,0.0,0.0008640144781661953,1.8427650981062944
3,4,2.2880623065371544,0.09114553078611642,0.0,0.001067992400190221,2.2887172828274625
4,5,2.6132638282321445,0.1575808741734246,0.0,0.0011755396856769603,2.614034378086586
5,6,2.809867580954855,0.21512417698005049,0.0,0.0012513311014215828,2.8107201546974387
6,7,2.876165222029219,0.23966019558167773,0.0,0.001263613873195884,2.877039153853945
