,subsizes,<S>,<S^2>,<S>_typ,<S>_deg,<S>_all
0,1,0.6829081047004719,-3.3306690738754696e-16,0.0,0.0,0.6829081047004719
1,2,1.3437174642994247,0.001027434620789247,0.0,0.0,1.3437174642994247
2,3,1.922944654731153,0.009753780800924705,0.0,0.0,1.922944654731153
3,4,2.3987430482739147,0.035603590562744536,0.0,0.0,2.3987430482739147
4,5,2.7480644572385344,0.07398526855320497,0.0,0.0,2.7480644572385344
5,6,2.9581341461637596,0.10906585197325214,0.0,0.0,2.9581341461637596
6,7,3.029010207195137,0.1249799273450467,0.0,0.0,3.029010207195137
