,subsizes,<S>,<S^2>,<S>_typ,<S>_deg,<S>_all
0,1,0.6931471805599453,-1.1102230246251565e-16,0.0,,0.6931471805599453
1,2,1.3766956257364762,0.00017645199421756352,0.0,,1.3768607217616606
2,3,1.9958326097236208,0.0041038629520175895,0.0,,1.9963911148069087
3,4,2.523344314911645,0.017803285564458093,0.0,,2.5237960426784474
4,5,2.9360975925017407,0.04304225182847432,0.0,,2.9363559159196804
5,6,3.2021807355997067,0.07100485977063009,0.0,,3.202744345993856
6,7,3.294908770808722,0.08647484970243013,0.0,,3.2958291102535218
