,subsizes,<S>,<S^2>,<S>_typ,<S>_deg,<S>_all,<S^2>_deg,<S^2>_all
0,1,0.6931471805599453,-1.1102230246251565e-16,0.0,0.05715636716155726,0.6931471805599453,0.03635092444197573,-2.220446049250313e-16
1,2,1.3766956257364762,0.00017645199421756352,0.0,0.11386520415901448,1.3768607217616606,0.14426796376879947,0.00017716653691723927
2,3,1.9958326097236208,0.0041038629520175895,0.0,0.16939742545863587,1.9963911148069087,0.31930187837224483,0.004148836275498002
3,4,2.523344314911645,0.017803285564458093,0.0,0.21498608441256914,2.5237960426784474,0.514580748372575,0.017865565384830973
4,5,2.9360975925017407,0.04304225182847432,0.0,0.2544642260425956,2.9363559159196804,0.7220223965797159,0.0430834751923701
5,6,3.2021807355997067,0.07100485977063009,0.0,0.28226046318437686,3.202744345993856,0.8905882595457189,0.07143559146351741
6,7,3.294908770808722,0.08647484970243013,0.0,0.29385665740118977,3.2958291102535218,0.9671531318660813,0.08736923895137849
