,subsizes,<S>,<S^2>,<S>_typ,<S>_deg,<S>_all
0,1,0.5982695885852573,0.0,0.0,0.0,0.5982695885852573
1,2,1.17168757693508,0.0008891500035475008,0.0,0.0,1.1706642530865907
2,3,1.6521854041669877,0.008727337260608703,0.0,0.0,1.648175936668231
3,4,2.0109611080713603,0.02569361571197959,0.0,0.0,2.005255656222379
4,5,2.2474638314509243,0.04452677116086079,0.0,0.0,2.241382162959022
5,6,2.384946229172898,0.06082120706103744,0.0,0.0,2.3780954276327892
6,7,2.4287670597061997,0.06749402778644153,0.0,0.0,2.4216195750867784
