,subsizes,<S>,<S^2>,<S>_typ,<S>_deg,<S>_all,<S^2>_deg,<S^2>_all
0,1,0.39613508016494037,0.005538458884845304,0.0,0.05720971138779147,0.4393635534292634,0.06556198860740373,0.03252213432030751
1,2,0.7754940171287538,0.02152997482552188,0.0,0.07037546099752115,0.8082338704476502,0.07976576259715548,0.01610363817160343
2,3,0.9866981384589014,0.0344581292267262,0.0,0.08256058494731469,1.0346238741446292,0.10166386253699602,0.010341131864304076
3,4,1.143245160126811,0.04618227911567496,0.0,0.09327598020179045,1.181685201313855,0.12787335051680135,0.008567850427835921
4,5,1.249732612919624,0.05515355560326163,0.0,0.10026659926352471,1.2950552411562264,0.14847915083231927,0.008326609914519612
5,6,1.3098252083849933,0.06060241459554794,0.0,0.10557533086117067,1.3522475064773714,0.16597735442496916,0.0085779418474905
6,7,1.3290419779987432,0.0624079721099049,0.0,0.10619060246640374,1.371278670585879,0.16810863332866888,0.008745370627065707
