,subsizes,<S>,<S^2>,<S>_typ,<S>_deg,<S>_all,<S^2>_deg,<S^2>_all
0,1,0.6829081047004719,4.7311049140257325e-32,0.0,0.0,0.6829081047004719,0.0,4.7529293706457664e-32
1,2,1.3436972185733245,0.0009783912529732893,0.0,0.0,1.3437174642994247,0.0,0.0009749764607413787
2,3,1.9229965288946849,0.008562721979628724,0.0,0.0,1.922944654731153,0.0,0.008619514239157898
3,4,2.3987825128038236,0.030826217485347265,0.0,0.0,2.3987430482739147,0.0,0.03110890469285328
4,5,2.7484761257295327,0.06150169733046567,0.0,0.0,2.7480644572385344,0.0,0.06201535842957694
5,6,2.958594265496061,0.08879721579096263,0.0,0.0,2.9581341461637596,0.0,0.08959531227772502
6,7,3.029481911474586,0.10066881348357294,0.0,0.0,3.029010207195137,0.0,0.10169552223691093
