,subsizes,<S>,<S^2>,<S>_typ,<S>_deg,<S>_all
0,1,0.6829081047004717,5.551115123125783e-17,0.0,0.6829081047004717,0.6829081047004717
1,2,1.3386650243554188,0.0011721741597370272,0.0,1.3512107637071107,1.3417069704782676
2,3,1.9075000757677738,0.010282523037224323,0.0,1.9360820034561248,1.914705603373186
3,4,2.366305126865576,0.03635993539912352,0.0,2.435609349155019,2.382158876440871
4,5,2.7009992941050474,0.0752500538705263,0.0,2.8062800419163993,2.7248489102240443
5,6,2.9000066789024364,0.10981481803699644,0.0,3.0391376388616123,2.9318152796347166
6,7,2.965180664968535,0.12378557606174567,0.0,3.1200389528018984,3.000465882925435
