,subsizes,<S>,<S^2>,<S>_typ,<S>_deg,<S>_all
0,1,0.6517565611726531,5.551115123125783e-17,0.0,0.0,0.6517565611726531
1,2,1.274816574733186,0.0011400028289025865,0.0,0.0,1.274816574733186
2,3,1.8124160497235722,0.009826586157466455,0.0,0.0,1.8124160497235722
3,4,2.2367632827039317,0.03163815239624057,0.0,0.0,2.2367632827039317
4,5,2.533774264325722,0.06105984729423408,0.0,0.0,2.533774264325722
5,6,2.705611268449357,0.08558107118679814,0.0,0.0,2.705611268449357
6,7,2.7629132672414367,0.09594184078872736,0.0,0.0,2.7629132672414367
