,subsizes,<S>,<S^2>,<S>_typ,<S>_deg,<S>_all
0,1,0.5195798391305154,0.0,0.0,0.0,0.5195798391305154
1,2,1.0063368426486359,0.0012142808420505524,0.0,0.0,1.0053258543010564
2,3,1.4027353158992484,0.009195645296654176,0.0,0.0,1.4042099127158152
3,4,1.6681191640475634,0.017878791772947267,0.0,0.0,1.666863058508456
4,5,1.8546873316248316,0.029171179642453637,0.0,0.0,1.8504214092807187
5,6,1.9630909132676075,0.038909610655617044,0.0,0.0,1.956136774861022
6,7,1.9996553030536943,0.04283137720478791,0.0,0.0,1.993015984015725
