,subsizes,<S>,<S^2>,<S>_typ,<S>_deg,<S>_all
0,1,0.5982695885852571,5.551115123125783e-17,0.0,,0.5982695885852573
1,2,1.170472220204334,0.000796229158412709,0.0,,1.1739350673159947
2,3,1.648250943778163,0.008937828237905343,0.0,,1.655779725950838
3,4,2.011529053254032,0.027508288873985265,0.0,,2.0181861497771476
4,5,2.2511945434379843,0.04788187509015973,0.0,,2.257955046045419
5,6,2.3923462512814746,0.06613072781636209,0.0,,2.4000695005284105
6,7,2.4371458144740767,0.07371799812267454,0.0,,2.445164102921855
