,subsizes,<S>,<S^2>,<S>_typ,<S>_deg,<S>_all
0,1,0.6829081047004717,-5.551115123125783e-17,0.0,0.0,0.6829081047004717
1,2,1.3437174642994247,0.0010274346207894691,0.0,0.0,1.3437174642994247
2,3,1.922944654731153,0.009753780800923373,0.0,0.0,1.922944654731153
3,4,2.3987430482739143,0.035603590562744536,0.0,0.0,2.3987430482739143
4,5,2.7480644572385344,0.07398526855320409,0.0,0.0,2.7480644572385344
5,6,2.9581341461637596,0.10906585197325214,0.0,0.0,2.9581341461637596
6,7,3.0290102071951375,0.12497992734504315,0.0,0.0,3.0290102071951375
