,subsizes,<S>,<S^2>,<S>_typ,<S>_deg,<S>_all
0,1,0.5195798391305155,0.0,0.0,0.0,0.5195798391305155
1,2,1.0053258543010564,0.0012747675123150337,0.0,0.0,1.0053258543010564
2,3,1.4042099127158156,0.009554375986893238,0.0,0.0,1.4042099127158156
3,4,1.666863058508456,0.017740483175495037,0.0,0.0,1.666863058508456
4,5,1.8504214092807187,0.02891055048300295,0.0,0.0,1.8504214092807187
5,6,1.9561367748610223,0.03889472711948638,0.0,0.0,1.9561367748610223
6,7,1.993015984015725,0.043093470236475806,0.0,0.0,1.993015984015725
