,subsizes,<S>,<S^2>,<S>_typ,<S>_deg,<S>_all,<S^2>_deg,<S^2>_all
0,1,0.5195798391305155,0.0,0.0,0.0,0.5195798391305155,0.0,0.0
1,2,1.003259446814938,0.001512259488477774,0.0,0.0,1.0009254980293043,0.0,0.001761248950728378
2,3,1.396135114312957,0.010616711047227723,0.0,0.0,1.3948398316960728,0.0,0.011112197559736137
3,4,1.6550319893623022,0.019750908728072947,0.0,0.0,1.654431513140613,0.0,0.020342690063840152
4,5,1.8345982349010321,0.03120987831324129,0.0,0.0,1.8352849599960943,0.0,0.031590174898433965
5,6,1.9405972604069985,0.04109909356027197,0.0,0.0,1.9430889932858997,0.0,0.0418353242369256
6,7,1.9754398628808836,0.044902384159838604,0.0,0.0,1.979997885438478,0.0,0.046307862078531326
