,subsizes,<S>,<S^2>,<S>_typ,<S>_deg,<S>_all
0,1,0.5982695885852573,0.0,0.0,0.0,0.5982695885852573
1,2,1.1706642530865907,0.0009329645567432987,0.0,0.0,1.1706642530865907
2,3,1.648175936668231,0.008908716271293748,0.0,0.0,1.648175936668231
3,4,2.005255656222379,0.02633864308498879,0.0,0.0,2.005255656222379
4,5,2.241382162959022,0.04608849477436294,0.0,0.0,2.241382162959022
5,6,2.3780954276327892,0.06305422043279663,0.0,0.0,2.3780954276327892
6,7,2.4216195750867784,0.0697577175960955,0.0,0.0,2.4216195750867784
