,subsizes,<S>,<S^2>,<S>_typ,<S>_deg,<S>_all,<S^2>_deg,<S^2>_all
0,1,0.5982695885852571,5.551115123125783e-17,0.0,0.12730411825040938,0.5982695885852573,0.059955843927367136,-5.551115123125783e-17
1,2,1.170472220204334,0.000796229158412709,0.0,0.2524259139944089,1.1739350673159947,0.2357429855040018,0.0005781615822875175
2,3,1.648250943778163,0.008937828237905343,0.0,0.36316911562875925,1.655779725950838,0.4881150207913841,0.006977641818835423
3,4,2.011529053254032,0.027508288873985265,0.0,0.43826347627358975,2.0181861497771476,0.71154287740815,0.021019066569538225
4,5,2.2511945434379843,0.04788187509015973,0.0,0.4895497854186505,2.257955046045419,0.8888919139381178,0.03681546738953223
5,6,2.3923462512814746,0.06613072781636209,0.0,0.5190763360664833,2.4000695005284105,1.0005256768399515,0.052163456614170656
6,7,2.4371458144740767,0.07371799812267454,0.0,0.5296593880073851,2.445164102921855,1.0421912615882778,0.05846290411619215
