,subsizes,<S>,<S^2>,<S>_typ,<S>_deg,<S>_all,<S^2>_deg,<S^2>_all
0,1,0.5982695885852573,-5.551115123125783e-17,0.0,0.12730411825040935,0.5982695885852573,0.05995584392736712,-5.551115123125783e-17
1,2,1.170472220204334,0.000796229158412487,0.0,0.25164984897511444,1.1737133344533393,0.23429107873978522,0.000572111716939494
2,3,1.6482509437781627,0.00893782823790401,0.0,0.3618047383481342,1.655389903870659,0.48436224597416244,0.006913576659575593
3,4,2.011529053254032,0.027508288873986153,0.0,0.43784536797630375,2.0180666902636375,0.709796516626604,0.020897615610598663
4,5,2.2511945434379843,0.04788187509016062,0.0,0.4922584323735902,2.258728945175402,0.8981785575823394,0.03673315685937073
5,6,2.392346251281475,0.06613072781636209,0.0,0.5235486570558133,2.4013473065253628,1.0170475499462626,0.05208098506627046
6,7,2.4371458144740767,0.07371799812267721,0.0,0.5345778889487991,2.446569388905117,1.0606823883438743,0.05836735640747737
