,subsizes,<S>,<S^2>,<S>_typ,<S>_deg,<S>_all
0,1,0.6517565611726532,-5.551115123125783e-17,0.0,0.0,0.6517565611726532
1,2,1.2748165747331863,0.0011400028289019204,0.0,0.0,1.2748165747331863
2,3,1.8124160497235726,0.00982658615746601,0.0,0.0,1.8124160497235726
3,4,2.236763282703932,0.031638152396238794,0.0,0.0,2.236763282703932
4,5,2.533774264325722,0.06105984729423497,0.0,0.0,2.533774264325722
5,6,2.7056112684493567,0.0855810711868008,0.0,0.0,2.7056112684493567
6,7,2.7629132672414363,0.09594184078872825,0.0,0.0,2.7629132672414363
