,subsizes,<S>,<S^2>,<S>_typ,<S>_deg,<S>_all
0,1,0.5195798391305155,0.0,0.0,0.0,0.5195798391305155
1,2,1.006336842648636,0.0012142808420501083,0.0,0.0,1.0053258543010564
2,3,1.4027353158992484,0.00919564529665462,0.0,0.0,1.4042099127158156
3,4,1.6681191640475634,0.01787879177294771,0.0,0.0,1.666863058508456
4,5,1.8546873316248318,0.029171179642453637,0.0,0.0,1.8504214092807187
5,6,1.9630909132676075,0.038909610655617044,0.0,0.0,1.9561367748610223
6,7,1.9996553030536945,0.042831377204787024,0.0,0.0,1.993015984015725
