,subsizes,<S>,<S^2>,<S>_typ,<S>_deg,<S>_all
0,1,0.6517565611726531,5.551115123125783e-17,0.0,,0.6517565611726531
1,2,1.2744573615146637,0.0009961293368738744,0.0,,1.2748180172536625
2,3,1.8098910056096533,0.008994137794722246,0.0,,1.8108550366641298
3,4,2.232526178771698,0.03023007224582752,0.0,,2.233551026876087
4,5,2.530538382818144,0.060881878203155715,0.0,,2.531834499162547
5,6,2.7018909145438674,0.0864011343572102,0.0,,2.7050089525484786
6,7,2.7599675926563525,0.09763697672333471,0.0,,2.7632762483782747
