,subsizes,<S>,<S^2>,<S>_typ,<S>_deg,<S>_all
0,1,0.5195798391305153,5.551115123125783e-17,0.0,,0.5195798391305154
1,2,1.003259446814938,0.001512259488477774,0.0,,1.0009254980293045
2,3,1.396135114312957,0.0106167110472275,0.0,,1.394839831696073
3,4,1.6550319893623022,0.019750908728072947,0.0,,1.654431513140613
4,5,1.8345982349010321,0.03120987831324129,0.0,,1.835284959996094
5,6,1.9405972604069985,0.041099093560272415,0.0,,1.9430889932859
6,7,1.9754398628808836,0.044902384159839936,0.0,,1.979997885438478
