,subsizes,<S>,<S^2>,<S>_typ,<S>_deg,<S>_all
0,1,0.6829081047004717,-5.551115123125783e-17,0.0,0.0,0.6829081047004717
1,2,1.343697218573325,0.0010363886910251807,0.0,0.0,1.3437174642994247
2,3,1.9229965288946849,0.009656146615023786,0.0,0.0,1.922944654731153
3,4,2.3987825128038236,0.035146595062444774,0.0,0.0,2.3987430482739143
4,5,2.7484761257295327,0.07298684840696001,0.0,0.0,2.7480644572385344
5,6,2.958594265496061,0.1075528447913463,0.0,0.0,2.9581341461637596
6,7,3.0294819114745852,0.12310160720558905,0.0,0.0,3.0290102071951375
