,subsizes,<S>,<S^2>,<S>_typ,<S>_deg,<S>_all
0,1,0.5982695885852573,-5.551115123125783e-17,0.0,,0.5982695885852573
1,2,1.170472220204334,0.000796229158412487,0.0,,1.1737133344533393
2,3,1.6482509437781627,0.00893782823790401,0.0,,1.655389903870659
3,4,2.011529053254032,0.027508288873986153,0.0,,2.0180666902636375
4,5,2.2511945434379843,0.04788187509016062,0.0,,2.258728945175402
5,6,2.392346251281475,0.06613072781636209,0.0,,2.4013473065253628
6,7,2.4371458144740767,0.07371799812267721,0.0,,2.446569388905117
