,subsizes,<S>,<S^2>,<S>_typ,<S>_deg,<S>_all
0,1,0.6517565611726531,0.0,0.0,,0.6517565611726532
1,2,1.2744573615146637,0.0009961293368738744,0.0,,1.2746925718600475
2,3,1.8098910056096529,0.008994137794723578,0.0,,1.8104855864028395
3,4,2.2325261787716975,0.030230072245826634,0.0,,2.232839908764843
4,5,2.530538382818143,0.0608818782031566,0.0,,2.5310270723836785
5,6,2.701890914543867,0.08640113435720842,0.0,,2.704047342516242
6,7,2.7599675926563516,0.0976369767233356,0.0,,2.762368473293285
