,subsizes,<S>,<S^2>,<S>_typ,<S>_deg,<S>_all
0,1,,,0.0,0.02796247624693697,
1,2,,,0.0,0.05429397546639633,
2,3,,,0.0,0.07794170040810024,
3,4,,,0.0,0.09808372150082575,
4,5,,,0.0,0.11191687867422978,
5,6,,,0.0,0.12153787977982856,
6,7,,,0.0,0.12371763804919927,
