,subsizes,<S>,<S^2>,<S>_typ,<S>_deg,<S>_all
0,1,0.6517565611726532,-5.551115123125783e-17,0.0,0.0,0.6517565611726532
1,2,1.2741497298483049,0.0013143938853401593,0.0,0.0,1.2748165747331863
2,3,1.8110702487917696,0.010712942350148413,0.0,0.0,1.8124160497235726
3,4,2.2345640918326812,0.033509500772535006,0.0,0.0,2.236763282703932
4,5,2.530852221594483,0.06401993312465581,0.0,0.0,2.533774264325722
5,6,2.702667882273759,0.08957406451875283,0.0,0.0,2.7056112684493567
6,7,2.759895335769708,0.10023718063568055,0.0,0.0,2.7629132672414363
