,subsizes,<S>,<S^2>,<S>_typ,<S>_deg,<S>_all
0,1,0.5195798391305154,0.0,0.0,0.0,0.5195798391305154
1,2,1.0053258543010564,0.0012747675123150337,0.0,0.0,1.0053258543010564
2,3,1.4042099127158152,0.009554375986893904,0.0,0.0,1.4042099127158152
3,4,1.666863058508456,0.01774048317549415,0.0,0.0,1.666863058508456
4,5,1.8504214092807187,0.028910550483001618,0.0,0.0,1.8504214092807187
5,6,1.956136774861022,0.03889472711948638,0.0,0.0,1.956136774861022
6,7,1.993015984015725,0.043093470236475806,0.0,0.0,1.993015984015725
