,subsizes,<S>,<S^2>,<S>_typ,<S>_deg,<S>_all
0,1,0.41011631828840883,2.7755575615628914e-17,0.0,0.02796247624693697,0.42409755641187735
1,2,0.7716429986208649,0.000308919321007739,0.0,0.05429397546639634,0.7997289609459493
2,3,1.0271533509360253,0.0006265272096805941,0.0,0.07777079769955281,1.071635877768702
3,4,1.1713369854436833,0.0012189164137448305,0.0,0.09613105219734179,1.2302920491130365
4,5,1.2756695022955016,0.001834712770611091,0.0,0.10581148972945034,1.3450274567760367
5,6,1.3446345830200135,0.0023109676362775833,0.0,0.11263355001916686,1.4213755887947608
6,7,1.3639228793779556,0.0024899154886970365,0.0,0.11373913445436798,1.4425863472497449
