,subsizes,<S>,<S^2>,<S>_typ,<S>_deg,<S>_all
0,1,0.6517565611726532,-5.551115123125783e-17,0.0,0.0,0.6517565611726531
1,2,1.2741497298483049,0.0013143938853403814,0.0,0.0,1.274816574733186
2,3,1.8110702487917696,0.01071294235014797,0.0,0.0,1.8124160497235722
3,4,2.2345640918326803,0.03350950077253767,0.0,0.0,2.2367632827039317
4,5,2.530852221594483,0.06401993312465404,0.0,0.0,2.533774264325722
5,6,2.7026678822737593,0.08957406451874927,0.0,0.0,2.705611268449357
6,7,2.759895335769708,0.1002371806356841,0.0,0.0,2.7629132672414367
