,subsizes,<S>,<S^2>,<S>_typ,<S>_deg,<S>_all,<S^2>_deg,<S^2>_all
0,1,0.6517565611726531,0.0,0.0,0.5794838555880732,0.6517565611726532,0.041880866085934054,-1.6653345369377348e-16
1,2,1.2744573615146637,0.0009961293368738744,0.0,1.1377454414546817,1.2746925718600475,0.16263842466729206,0.0010977259278457385
2,3,1.8098910056096529,0.008994137794723578,0.0,1.62819310178678,1.8104855864028395,0.3389313011777735,0.009428911277545637
3,4,2.2325261787716975,0.030230072245826634,0.0,2.0081868081080003,2.232839908764843,0.524054166351104,0.030852179229391652
4,5,2.530538382818143,0.0608818782031566,0.0,2.275296605395997,2.5310270723836785,0.6780547585803447,0.061392774995171706
5,6,2.701890914543867,0.08640113435720842,0.0,2.4374730452022995,2.704047342516242,0.782803458198333,0.08737131930533781
6,7,2.7599675926563516,0.0976369767233356,0.0,2.4882368045209837,2.762368473293285,0.8164039490344264,0.09855618048862169
