,subsizes,<S>,<S^2>,<S>_typ,<S>_deg,<S>_all,<S^2>_deg,<S^2>_all
0,1,0.6517565611726531,5.551115123125783e-17,0.0,0.5794838555880735,0.6517565611726531,0.041880866085934054,5.551115123125783e-17
1,2,1.2744573615146637,0.0009961293368738744,0.0,1.1385966588728968,1.2748180172536625,0.16288977495270407,0.001099871309511169
2,3,1.8098910056096533,0.008994137794722246,0.0,1.6311260394550309,1.8108550366641298,0.3404136668830495,0.009469240341537066
3,4,2.232526178771698,0.03023007224582752,0.0,2.0173454169884586,2.233551026876087,0.5306773968601561,0.030972376571373417
4,5,2.530538382818144,0.060881878203155715,0.0,2.2897949733446277,2.531834499162547,0.6913908432087474,0.06156479521864533
5,6,2.7018909145438674,0.0864011343572102,0.0,2.4563887967619067,2.7050089525484786,0.8033412988300546,0.08762961758874521
6,7,2.7599675926563525,0.09763697672333471,0.0,2.5078586443804345,2.7632762483782747,0.840105741720004,0.0988087274057241
