,subsizes,<S>,<S^2>,<S>_typ,<S>_deg,<S>_all,<S^2>_deg,<S^2>_all
0,1,0.6829081047004717,-5.551115123125783e-17,0.0,0.6829081047004717,0.6829081047004717,-5.551115123125783e-17,-5.551115123125783e-17
1,2,1.3385104950523359,0.001171649899261329,0.0,1.3515522076086721,1.3417093203649046,0.00014886430190830247,0.000916709702504237
2,3,1.9080006206904012,0.010306942254246998,0.0,1.9374618104736627,1.9148691625077703,0.004627066857098239,0.00897397823388646
3,4,2.3665907870895424,0.03636351342580113,0.0,2.4403860536491577,2.382604271735092,0.019026180343353793,0.032598850597428175
4,5,2.701257211604816,0.075255029288396,0.0,2.813761679625142,2.7256435652045634,0.04104941974140708,0.06779223465030082
5,6,2.9006013407241764,0.10980823216304358,0.0,3.047724750380186,2.932841347442988,0.06653384060392398,0.10025743694632538
6,7,2.9658270400666895,0.12378879780164809,0.0,3.1290849713886804,3.0015600806700014,0.08073222964343252,0.11391385347621963
