,subsizes,<S>,<S^2>,<S>_typ,<S>_deg,<S>_all,<S^2>_deg,<S^2>_all
0,1,0.39613508016494065,0.005538458884845332,0.0,0.057209711387791476,0.4393635534292637,0.06556198860740375,0.032522134320307566
1,2,0.775494017128754,0.02152997482552166,0.0,0.07037546099752116,0.8082338704476503,0.07976576259715551,0.01610363817160343
2,3,0.9866981384589014,0.0344581292267262,0.0,0.08256058494731469,1.0346238741446292,0.10166386253699604,0.010341131864304076
3,4,1.143245160126811,0.04618227911567474,0.0,0.09327598020179045,1.181685201313855,0.12787335051680132,0.008567850427835921
4,5,1.2497326129196238,0.05515355560326163,0.0,0.10026659926352471,1.2950552411562262,0.14847915083231927,0.008326609914520278
5,6,1.309825208384993,0.06060241459554816,0.0,0.1055753308611707,1.352247506477371,0.1659773544249692,0.008577941847491388
6,7,1.3290419779987432,0.06240797210990423,0.0,0.10619060246640374,1.371278670585879,0.1681086333286689,0.008745370627065041
