,subsizes,<S>,<S^2>,<S>_typ,<S>_deg,<S>_all
0,1,0.5982695885852573,5.551115123125783e-17,0.0,0.0,0.5982695885852573
1,2,1.17168757693508,0.0008891500035477229,0.0,0.0,1.1706642530865907
2,3,1.6521854041669877,0.008727337260608259,0.0,0.0,1.648175936668231
3,4,2.01096110807136,0.025693615711982254,0.0,0.0,2.005255656222379
4,5,2.2474638314509243,0.0445267711608599,0.0,0.0,2.241382162959022
5,6,2.3849462291728973,0.06082120706103833,0.0,0.0,2.3780954276327897
6,7,2.428767059706199,0.06749402778644242,0.0,0.0,2.4216195750867784
