,subsizes,<S>,<S^2>,<S>_typ,<S>_deg,<S>_all
0,1,0.6829081047004719,-2.220446049250313e-16,0.0,0.0,0.6829081047004719
1,2,1.3436972185733245,0.0010363886910258469,0.0,0.0,1.3437174642994247
2,3,1.9229965288946849,0.00965614661502423,0.0,0.0,1.922944654731153
3,4,2.3987825128038236,0.035146595062444774,0.0,0.0,2.3987430482739147
4,5,2.7484761257295327,0.0729868484069609,0.0,0.0,2.7480644572385344
5,6,2.958594265496061,0.10755284479134808,0.0,0.0,2.9581341461637596
6,7,3.029481911474586,0.12310160720558372,0.0,0.0,3.029010207195137
