,subsizes,<S>,<S^2>,<S>_typ,<S>_deg,<S>_all
0,1,0.6931471805599452,5.551115123125783e-17,0.0,0.0,0.6931471805599452
1,2,1.3768937155871726,0.00017877226256568512,0.0,0.0,1.3768667334552374
2,3,1.9958415740139237,0.004196682568266663,0.0,0.0,1.9960837327658378
3,4,2.5230274686047145,0.018468205965658235,0.0,0.0,2.5239664229689684
4,5,2.934184161395763,0.04437941143489965,0.0,0.0,2.9357825874805425
5,6,3.198041219113433,0.07271433538577199,0.0,0.0,3.200049525411057
6,7,3.2893570053634344,0.08821871211198307,0.0,0.0,3.2913049329965944
