,subsizes,<S>,<S^2>,<S>_typ,<S>_deg,<S>_all
0,1,0.6931471805599452,-5.551115123125783e-17,0.0,0.0,0.6931471805599452
1,2,1.3768667334552374,0.00018192606485456508,0.0,0.0,1.3768667334552374
2,3,1.9960837327658378,0.004177550544539166,0.0,0.0,1.9960837327658378
3,4,2.5239664229689684,0.018559103517000075,0.0,0.0,2.5239664229689684
4,5,2.9357825874805425,0.044785598741585275,0.0,0.0,2.9357825874805425
5,6,3.200049525411057,0.07348191296983586,0.0,0.0,3.200049525411057
6,7,3.2913049329965944,0.08905117460187739,0.0,0.0,3.2913049329965944
