,subsizes,<S>,<S^2>,<S>_typ,<S>_deg,<S>_all,<S^2>_deg,<S^2>_all
0,1,0.664523480188702,0.0016536060445168088,0.0,0.6445943227259743,0.6645648630883871,0.017136129688425372,0.0016625874578067856
1,2,1.311638684948697,0.007510123685003478,0.0,1.2749468596158768,1.3123049682338652,0.06777586192434826,0.0075292804134599045
2,3,1.8959859104251684,0.02203759832976182,0.0,1.8521809604592139,1.8992591540526624,0.147325627895722,0.022139845503224453
3,4,2.404117025381358,0.05171667132168256,0.0,2.364920813640204,2.4123821180738183,0.2513754397462442,0.05197995500284058
4,5,2.8291346878491694,0.09934728967908768,0.0,2.803378983586188,2.843825096297583,0.37303463307485085,0.09956974049762479
5,6,3.162331904813939,0.1580303391395912,0.0,3.154705313443187,3.183941282139763,0.4966977138850108,0.15819027698415766
6,7,3.4023265262900133,0.21769129333919857,0.0,3.41320159200878,3.430251164941933,0.6076028356496597,0.21797476756702316
7,8,3.546550599187421,0.2628466210177489,0.0,3.5711910772113815,3.5790435093012527,0.6856065163436611,0.2635228572233146
8,9,3.594643892908397,0.28012328808329734,0.0,3.624526394502872,3.6288674544885597,0.7143917654456118,0.28105792982764655
