,subsizes,<S>,<S^2>,<S>_typ,<S>_deg,<S>_all
0,1,0.6645344115683623,0.0016428908241888918,0.0,2.1862759320714024e-05,0.6645453429480226
1,2,1.31281042736182,0.007777586170541584,0.0,4.285276301956505e-05,1.31283303066183
2,3,1.9007493919738994,0.023417037283281594,0.0,6.153381337309407e-05,1.9007859456326597
3,4,2.414829244927637,0.05551269856644225,0.0,7.607733180989626e-05,2.4148787623264023
4,5,2.8469180556430325,0.10655449096061531,0.0,8.457923225175718e-05,2.8469782806338237
5,6,3.1870451287561545,0.1690721039904961,0.0,9.124574026022756e-05,3.187114466988131
6,7,3.4330203235984706,0.23244641344700412,0.0,9.409909621897148e-05,3.4330958753708836
7,8,3.5813539198680813,0.28028146805874776,0.0,9.574998723815324e-05,3.5814337856782394
8,9,3.6310386524305813,0.29866795585852124,0.0,9.629106378942065e-05,3.6311196664742913
