,subsizes,<S>,<S^2>,<S>_typ,<S>_deg,<S>_all
0,1,0.6645344115683623,0.0016428908241888918,0.0,2.1862759320714024e-05,0.6645453429480226
1,2,1.3128066456787548,0.0077680355768090514,0.0,4.285276301956505e-05,1.31283303066183
2,3,1.9007236649826482,0.023435329833954466,0.0,6.228911155562315e-05,1.9007859456326597
3,4,2.414781887587577,0.05550317001345828,0.0,7.973261225843806e-05,2.4148787623264023
4,5,2.846811104517058,0.10659147971268901,0.0,9.396865643661042e-05,2.8469782806338237
5,6,3.1868777570344853,0.1691320783164354,0.0,0.00010592017356163889,3.187114466988131
6,7,3.4328114901305247,0.23252969175329063,0.0,0.00011400312578928636,3.4330958753708836
7,8,3.5811335626395864,0.2804098660526755,0.0,0.00011958512425099708,3.5814337856782394
8,9,3.630819223681795,0.2988111704576042,0.0,0.00012103386224798829,3.6311196664742913
