,subsizes,<S>,<S^2>,<S>_typ,<S>_deg,<S>_all
0,1,0.6365141682948129,1.6653345369377348e-16,0.0,0.0,0.6365141682948129
1,2,1.2521782003254642,0.0006405490790852841,0.0,0.0,1.2521782003254642
2,3,1.8020541236701666,0.005632503112797949,0.0,0.0,1.8020541236701666
3,4,2.2749923492514936,0.020715797639087263,0.0,0.0,2.2749923492514936
4,5,2.661178107413668,0.046132193533725996,0.0,0.0,2.661178107413668
5,6,2.9556041707423373,0.07614010726368292,0.0,0.0,2.9556041707423373
6,7,3.1619708535005318,0.10512272282302426,0.0,0.0,3.1619708535005318
7,8,3.283654167495753,0.1260575617826163,0.0,0.0,3.283654167495753
8,9,3.3237186174571542,0.13376011278952937,0.0,0.0,3.3237186174571542
