,subsizes,<S>,<S^2>,<S>_typ,<S>_deg,<S>_all
0,1,0.6869615765973235,0.0,0.0,0.0,0.6869615765973233
1,2,1.3586224020315905,0.0005564866798288826,0.0,0.0,1.358620769783253
2,3,1.9711481147361967,0.005321014744338548,0.0,0.0,1.9711520883268374
3,4,2.510728936257885,0.020705964519953213,0.0,0.0,2.5107475742855994
4,5,2.9685397182668236,0.05052726578646727,0.0,0.0,2.968579421440317
5,6,3.3316086106832543,0.09068185875568346,0.0,0.0,3.3316795190917485
6,7,3.5954192927224304,0.1339305049510937,0.0,0.0,3.59551917662801
7,8,3.7547808439554786,0.1678034371719761,0.0,0.0,3.7548854500001765
8,9,3.8082892470474423,0.18139000669578031,0.0,0.0,3.808397727574438
