,subsizes,<S>,<S^2>,<S>_typ,<S>_deg,<S>_all
0,1,0.6682484776645388,5.551115123125783e-17,0.0,0.0,0.6682484776645388
1,2,1.3172558180220901,0.0006189115952259794,0.0,0.0,1.3172558180220901
2,3,1.903177130228728,0.0056013975883040246,0.0,0.0,1.903177130228728
3,4,2.41208301656476,0.021026644072840384,0.0,0.0,2.41208301656476
4,5,2.8357527950406403,0.04947937645324707,0.0,0.0,2.8357527950406403
5,6,3.163831658355808,0.08533986009138594,0.0,0.0,3.163831658355808
6,7,3.3965886053095944,0.12172622715818449,0.0,0.0,3.3965886053095944
7,8,3.5343892018072953,0.14868107683638954,0.0,0.0,3.5343892018072953
8,9,3.580149036373005,0.1588916377990479,0.0,0.0,3.580149036373005
