,subsizes,<S>,<S^2>,<S>_typ,<S>_deg,<S>_all
0,1,0.45056120886630496,0.0,0.0,0.0,0.45056120886630496
1,2,0.8741019476441099,0.0007607497041366429,0.0,0.0,0.8741019476441099
2,3,1.2243689518523069,0.006798948108137637,0.0,0.0,1.2243689518523069
3,4,1.4748679701993848,0.012115051019807144,0.0,0.0,1.4748679701993848
4,5,1.6719516433901416,0.019488414008407506,0.0,0.0,1.6719516433901416
5,6,1.8181259441236164,0.027008897492462047,0.0,0.0,1.8181259441236164
6,7,1.9186283706244733,0.03330328504583724,0.0,0.0,1.9186283706244733
7,8,1.9784789466799388,0.03784539100710482,0.0,0.0,1.9784789466799388
8,9,1.9990983820352473,0.03957946319900474,0.0,0.0,1.9990983820352473
