,subsizes,<S>,<S^2>,<S>_typ,<S>_deg,<S>_all
0,1,0.3488320958430323,-2.7755575615628914e-17,0.0,0.01872924004526345,0.358196715865664
1,2,0.6733860013358172,0.00011147382658038829,0.0,0.036710813736845815,0.6927496427452688
2,3,0.8926458169863278,0.0004907392849821113,0.0,0.052714368971404,0.9239603569039064
3,4,1.0372056706847226,0.0009188279066114635,0.0,0.0651734114879406,1.0796258992702221
4,5,1.167463672217161,0.001649393552218159,0.0,0.0724567617677782,1.2190568079564807
5,6,1.2588729154067164,0.002197944970591559,0.0,0.07816778053364894,1.3182731206578695
6,7,1.3185091250805325,0.002563854371539165,0.0,0.08061217412102491,1.3832323039171763
7,8,1.358358748348115,0.002902264872523208,0.0,0.08202644821759465,1.4267776477159055
8,9,1.370318067560391,0.002999566736750836,0.0,0.08248997399962846,1.4397206278425898
