,subsizes,<S>,<S^2>,<S>_typ,<S>_deg,<S>_all,<S^2>_deg,<S^2>_all
0,1,0.6365141682948131,-1.1102230246251565e-16,0.0,0.636514168294813,0.6365141682948128,0.0,2.7755575615628914e-16
1,2,1.2542746303346575,0.00037096187410079473,0.0,1.2561357475010588,1.2543482175434308,0.0005887094442069696,0.00042165208279687505
2,3,1.8083810238766829,0.004341588853737033,0.0,1.8148056545054925,1.8093199975963925,0.004545617454051243,0.004451730986698266
3,4,2.286637677224212,0.017647092652971708,0.0,2.3122245129549617,2.2905437024033044,0.016045482780527642,0.017698174106301146
4,5,2.680223787280611,0.0411863784490798,0.0,2.7300603881800405,2.687806343873409,0.034051371821001375,0.04085533766502181
5,6,2.9824163251056253,0.0698524726020846,0.0,3.058843807216706,2.9940581954442163,0.05599466336437864,0.06913024482797958
6,7,3.1948045728960657,0.09783320386722849,0.0,3.296892506971029,3.210456994362307,0.07811422390439482,0.09704868450499049
7,8,3.3209785322087955,0.11862197728256874,0.0,3.439708727111624,3.339255259709631,0.09416903367121243,0.1177935493284803
8,9,3.362490241737298,0.12615107397794212,0.0,3.4873527650423877,3.3817586318514055,0.10060173833657515,0.12544834641164826
