,subsizes,<S>,<S^2>,<S>_typ,<S>_deg,<S>_all
0,1,0.6869615765973235,5.551115123125783e-17,0.0,0.6869615765973235,0.6869615765973233
1,2,1.3544150746921362,0.00046205985804292915,0.0,1.3586115330672937,1.3561831300371436
2,3,1.956125702623563,0.005023658511337015,0.0,1.973291473903846,1.9634984158335411
3,4,2.4782200186147088,0.02014974865462449,0.0,2.519845081473436,2.4961114388069756
4,5,2.914636943595188,0.04979054521299986,0.0,2.987179015935422,2.945704370387618
5,6,3.2557129172529353,0.08949675913268607,0.0,3.3618629847161987,3.300980361859892
6,7,3.5002998774852654,0.1317330289450407,0.0,3.6365545975267954,3.558219448798302
7,8,3.64639709355208,0.16414324483092635,0.0,3.8042842467353704,3.7133968867994946
8,9,3.694651970387038,0.17654788810328625,0.0,3.8611749110274305,3.7652803257809544
