,subsizes,<S>,<S^2>,<S>_typ,<S>_deg,<S>_all
0,1,0.5297061990576547,5.551115123125783e-17,0.0,,0.5297061990576547
1,2,1.035042073727881,0.0008422608643994245,0.0,,1.0358677633247109
2,3,1.4653825800898828,0.007362643453113993,0.0,,1.4667107850942553
3,4,1.8118525663654372,0.021854516296234028,0.0,,1.812497536088881
4,5,2.069453288127721,0.03711305320594249,0.0,,2.070030662150432
5,6,2.2623523358724573,0.05364237636222047,0.0,,2.263061674742966
6,7,2.3950657198733603,0.06731521676722707,0.0,,2.395698079599673
7,8,2.4736662214445357,0.07700591136336321,0.0,,2.474256716512802
8,9,2.4996689652213804,0.0808643231736097,0.0,,2.500183716891272
