,subsizes,<S>,<S^2>,<S>_typ,<S>_deg,<S>_all
0,1,0.5297061990576548,1.1102230246251565e-16,0.0,0.0,0.5297061990576548
1,2,1.0352584335211672,0.0007991833452953845,0.0,0.0,1.0350437652692306
2,3,1.4648481986972413,0.00708687502936689,0.0,0.0,1.4642318183882144
3,4,1.8086016386372226,0.020861063423053938,0.0,0.0,1.8078686072285297
4,5,2.065626041205015,0.035923229614951424,0.0,0.0,2.0648828908004746
5,6,2.2577406145817136,0.05217488104240786,0.0,0.0,2.257118080218949
6,7,2.389950447225081,0.06555533259966584,0.0,0.0,2.389449895203563
7,8,2.4680398386433446,0.07487611516321202,0.0,0.0,2.4676024308971574
8,9,2.493926911633598,0.07852608766345348,0.0,0.0,2.4934657358330155
