,subsizes,<S>,<S^2>,<S>_typ,<S>_deg,<S>_all
0,1,0.5908422462755828,-1.1102230246251565e-16,0.0,,0.5908422462755828
1,2,1.1569088042733544,0.0008214290935628643,0.0,,1.1575100817308017
2,3,1.653731217007949,0.007013719617697145,0.0,,1.6559596176041769
3,4,2.069178826433913,0.02341385425596254,0.0,,2.073223042397425
4,5,2.397636799833763,0.04764809111688706,0.0,,2.4036713539712546
5,6,2.640482638601263,0.07260190528059152,0.0,,2.648844116803082
6,7,2.8096488305621254,0.0956788345510402,0.0,,2.8200064221999517
7,8,2.908210948056803,0.11137569588068352,0.0,,2.9199577324596384
8,9,2.940766366222692,0.11724789248154721,0.0,,2.952955298434334
