,subsizes,<S>,<S^2>,<S>_typ,<S>_deg,<S>_all,<S^2>_deg,<S^2>_all
0,1,0.6869615765973235,5.551115123125783e-17,0.0,0.6869615765973235,0.6869615765973233,0.0,3.3306690738754696e-16
1,2,1.3544150746921362,0.00046205985804292915,0.0,1.3586115330672937,1.3561831300371436,0.0004030311648084428,0.0004418711717424362
2,3,1.956125702623563,0.005023658511337015,0.0,1.973291473903846,1.9634984158335411,0.003952941668795784,0.004632375448779591
3,4,2.4782200186147088,0.02014974865462449,0.0,2.519845081473436,2.4961114388069756,0.015655870556077645,0.018637343760897096
4,5,2.914636943595188,0.04979054521299986,0.0,2.987179015935422,2.945704370387618,0.03808662233363691,0.046015000191109934
5,6,3.2557129172529353,0.08949675913268607,0.0,3.3618629847161987,3.300980361859892,0.06862542186750531,0.08315002644445357
6,7,3.5002998774852654,0.1317330289450407,0.0,3.6365545975267954,3.558219448798302,0.1023016678991393,0.12330367276055654
7,8,3.64639709355208,0.16414324483092635,0.0,3.8042842467353704,3.7133968867994946,0.12977118667408227,0.15495424895698662
8,9,3.694651970387038,0.17654788810328625,0.0,3.8611749110274305,3.7652803257809544,0.14103375173678678,0.16746664159607683
