,subsizes,<S>,<S^2>,<S>_typ,<S>_deg,<S>_all,<S^2>_deg,<S^2>_all
0,1,0.5297061990576547,5.551115123125783e-17,0.0,0.08793815330761065,0.5297061990576547,0.038848266133570925,5.551115123125783e-17
1,2,1.035042073727881,0.0008422608643994245,0.0,0.17461974775147582,1.0358677633247109,0.1531858101533502,0.0008070935204729235
2,3,1.4653825800898828,0.007362643453113993,0.0,0.2498936357797869,1.4667107850942553,0.3139571678414094,0.0071439346403940895
3,4,1.8118525663654372,0.021854516296234028,0.0,0.3068936296038616,1.812497536088881,0.4739868642143732,0.021166326492418452
4,5,2.069453288127721,0.03711305320594249,0.0,0.3519553408651989,2.070030662150432,0.6244231717475149,0.036008725997169755
5,6,2.2623523358724573,0.05364237636222047,0.0,0.38552391236574723,2.263061674742966,0.750270469527029,0.05221136075781274
6,7,2.3950657198733603,0.06731521676722707,0.0,0.40852023575185886,2.395698079599673,0.8431530191256064,0.065559665087358
7,8,2.4736662214445357,0.07700591136336321,0.0,0.42217558619687845,2.474256716512802,0.9011184705654075,0.07496448329291994
8,9,2.4996689652213804,0.0808643231736097,0.0,0.42690583392593945,2.500183716891272,0.9214483999066916,0.07864019397260158
