,subsizes,<S>,<S^2>,<S>_typ,<S>_deg,<S>_all
0,1,0.6365141682948129,2.220446049250313e-16,0.0,0.0,0.6365141682948129
1,2,1.2521050998574705,0.0006460897934157384,0.0,0.0,1.2521782003254642
2,3,1.801863048386032,0.005665597612648288,0.0,0.0,1.8020541236701666
3,4,2.2745827115870023,0.02080397298915937,0.0,0.0,2.2749923492514936
4,5,2.6606233413008216,0.04629157470452938,0.0,0.0,2.661178107413668
5,6,2.9549791819483917,0.07637587635104559,0.0,0.0,2.9556041707423373
6,7,3.1613140588278865,0.10543110655136623,0.0,0.0,3.1619708535005318
7,8,3.283020757656561,0.12642610159784518,0.0,0.0,3.283654167495753
8,9,3.3230842435116106,0.1341646998373367,0.0,0.0,3.3237186174571542
