,subsizes,<S>,<S^2>,<S>_typ,<S>_deg,<S>_all
0,1,0.6365141682948131,-1.1102230246251565e-16,0.0,0.0,0.6365141682948131
1,2,1.2521782003254642,0.0006405490790852841,0.0,0.0,1.2521782003254642
2,3,1.8020541236701666,0.005632503112798393,0.0,0.0,1.8020541236701666
3,4,2.274992349251494,0.020715797639085487,0.0,0.0,2.274992349251494
4,5,2.661178107413668,0.04613219353372777,0.0,0.0,2.661178107413668
5,6,2.9556041707423377,0.07614010726368292,0.0,0.0,2.9556041707423377
6,7,3.161970853500533,0.10512272282301716,0.0,0.0,3.161970853500533
7,8,3.283654167495754,0.1260575617826163,0.0,0.0,3.283654167495754
8,9,3.3237186174571542,0.13376011278952937,0.0,0.0,3.3237186174571542
