,subsizes,<S>,<S^2>,<S>_typ,<S>_deg,<S>_all,<S^2>_deg,<S^2>_all
0,1,0.5908422462755827,-1.1102230246251565e-16,0.0,0.4923685385629855,0.5908422462755828,0.04848535555333014,-1.6653345369377348e-16
1,2,1.1569088042733544,0.0008214290935628643,0.0,0.967576774978645,1.1573742206391435,0.18757905859033308,0.0007887401550874529
2,3,1.653731217007949,0.007013719617696257,0.0,1.395578589851979,1.6556179671154834,0.39205470544960264,0.006767204505456981
3,4,2.0691788264339124,0.02341385425596343,0.0,1.7569672362678184,2.0725334404113798,0.6237172756570128,0.022451147861632492
4,5,2.397636799833763,0.04764809111688528,0.0,2.042806758820345,2.4024642345628777,0.8447275850771456,0.04556234557990457
5,6,2.6404826386012625,0.0726019052805924,0.0,2.264515848302403,2.6471339471003654,1.0398355596445619,0.06938423573629304
6,7,2.8096488305621254,0.0956788345510402,0.0,2.4234296147670125,2.8179129220728782,1.193635139206327,0.09155765178040998
7,8,2.908210948056803,0.11137569588068352,0.0,2.519262104428759,2.9176293491563867,1.292322993739064,0.10672120011791364
8,9,2.9407663662226926,0.11724789248154543,0.0,2.5510861276630292,2.9505393877594104,1.3262522467502853,0.11236120085514045
