,subsizes,<S>,<S^2>,<S>_typ,<S>_deg,<S>_all
0,1,0.5297061990576548,-1.1102230246251565e-16,0.0,0.0,0.5297061990576548
1,2,1.0350437652692308,0.000818951774413712,0.0,0.0,1.0350437652692308
2,3,1.4642318183882144,0.007246323429707324,0.0,0.0,1.4642318183882144
3,4,1.8078686072285293,0.021253954637689976,0.0,0.0,1.8078686072285293
4,5,2.064882890800474,0.036449714564595226,0.0,0.0,2.064882890800474
5,6,2.257118080218948,0.05286775096950791,0.0,0.0,2.257118080218948
6,7,2.3894498952035637,0.06640019804794228,0.0,0.0,2.3894498952035637
7,8,2.4676024308971582,0.07583150844898423,0.0,0.0,2.4676024308971582
8,9,2.493465735833017,0.07953684630114477,0.0,0.0,2.493465735833017
