,subsizes,<S>,<S^2>,<S>_typ,<S>_deg,<S>_all
0,1,0.45056120886630485,2.7755575615628914e-17,0.0,0.0,0.45056120886630485
1,2,0.8741019476441099,0.0007607497041364208,0.0,0.0,0.8741019476441099
2,3,1.2243689518523069,0.006798948108137415,0.0,0.0,1.2243689518523069
3,4,1.4748679701993848,0.012115051019807144,0.0,0.0,1.4748679701993848
4,5,1.6719516433901416,0.019488414008407506,0.0,0.0,1.6719516433901416
5,6,1.818125944123616,0.02700889749246338,0.0,0.0,1.818125944123616
6,7,1.9186283706244731,0.033303285045839015,0.0,0.0,1.9186283706244731
7,8,1.9784789466799382,0.03784539100710749,0.0,0.0,1.9784789466799382
8,9,1.9990983820352473,0.03957946319900474,0.0,0.0,1.9990983820352473
