,subsizes,<S>,<S^2>,<S>_typ,<S>_deg,<S>_all,<S^2>_deg,<S^2>_all
0,1,0.6682484776645388,5.551115123125783e-17,0.0,0.6682484776645388,0.6682484776645388,5.551115123125783e-17,5.551115123125783e-17
1,2,1.3170179955761903,0.0003913001918804948,0.0,1.3171354623930163,1.3169693711743167,0.0007208658716395533,0.00048046653045785703
2,3,1.9010527439346143,0.0044342602973146406,0.0,1.9078871570642233,1.9025264702451816,0.005512717071170403,0.0047475213130567795
3,4,2.4065024806940234,0.017904668252249678,0.0,2.4278149770539805,2.4113327729313183,0.0198847123967667,0.018561838343706505
4,5,2.826187141164813,0.04377045024563664,0.0,2.8663711116685295,2.8354751917958345,0.045579967845696956,0.04462742143032905
5,6,3.1509809718583353,0.07732255140666666,0.0,3.2108609605167593,3.165008077626763,0.07681484281479634,0.077962426633432
6,7,3.381229048156412,0.11191862649131501,0.0,3.4588474293940226,3.399611101327257,0.10881611604915165,0.11236829074909416
7,8,3.5170113787471418,0.13764946469430583,0.0,3.6079495614798827,3.5386956880481932,0.13254108508404272,0.13802632704602047
8,9,3.562319526972358,0.14786176822281405,0.0,3.657170674978555,3.5849717217591834,0.1410067139276343,0.14793835978252723
