,subsizes,<S>,<S^2>,<S>_typ,<S>_deg,<S>_all
0,1,0.6931471805599455,-1.6653345369377348e-16,0.0,0.0,0.6931471805599453
1,2,1.3802105850198656,7.450174234735485e-05,0.0,0.0,1.3802000270668056
2,3,2.0184939232855528,0.002383971898257009,0.0,0.0,2.01848548643798
3,4,2.592610795482294,0.01160864805150208,0.0,0.0,2.5925857741532665
4,5,3.0934738432712487,0.031665386988301236,0.0,0.0,3.0934371288865266
5,6,3.504023228713586,0.06065501067423895,0.0,0.0,3.5040006962392796
6,7,3.8129259287184394,0.09544661560693157,0.0,0.0,3.8128850513496313
7,8,4.00552778351004,0.12505246200609932,0.0,0.0,4.005446412126114
8,9,4.071080788167041,0.1375399365868617,0.0,0.0,4.070969439553499
