,subsizes,<S>,<S^2>,<S>_typ,<S>_deg,<S>_all
0,1,0.5908422462755828,0.0,0.0,0.0,0.5908422462755828
1,2,1.156914466329485,0.0007814198957802887,0.0,0.0,1.1569318174677337
2,3,1.6535502166595908,0.006796074403642827,0.0,0.0,1.6533271725196044
3,4,2.0690984121499016,0.022657937049399557,0.0,0.0,2.0686445103867492
4,5,2.3964168261808947,0.04555163968275089,0.0,0.0,2.395964393094338
5,6,2.6394342592027558,0.0693599853133735,0.0,0.0,2.639034934765044
6,7,2.8086326978260323,0.09128742624124708,0.0,0.0,2.808415336943631
7,8,2.907603604091177,0.10637929581585759,0.0,0.0,2.907481962128506
8,9,2.940248922064604,0.11202234201169503,0.0,0.0,2.9401438236455646
