,subsizes,<S>,<S^2>,<S>_typ,<S>_deg,<S>_all,<S^2>_deg,<S^2>_all
0,1,0.5297061990576548,-1.1102230246251565e-16,0.0,0.08793815330761061,0.5297061990576548,0.038848266133570904,-1.1102230246251565e-16
1,2,1.035042073727881,0.0008422608643989804,0.0,0.17456650368212434,1.0358613094981226,0.1530928376349703,0.0008069411169655538
2,3,1.4653825800898828,0.007362643453113549,0.0,0.2496613389908742,1.4666826279077205,0.3133979456179511,0.007144680171360829
3,4,1.8118525663654372,0.02185451629623314,0.0,0.30656859310437634,1.8124581377253068,0.47302056458461356,0.021167847178456434
4,5,2.06945328812772,0.03711305320594516,0.0,0.3514066648389193,2.0699641559654283,0.6225317647515667,0.03600802188072638
5,6,2.2623523358724578,0.0536423763622178,0.0,0.3849091912776812,2.2629871630959277,0.7479268025152126,0.05220711702189096
6,7,2.3950657198733603,0.06731521676722618,0.0,0.40800010752006305,2.395635033753395,0.841008045965197,0.06555026377552498
7,8,2.4736662214445353,0.07700591136336588,0.0,0.4218323550898248,2.47421511274225,0.8996507520739613,0.07495733919506442
8,9,2.49966896522138,0.08086432317361147,0.0,0.42655248887264313,2.5001408871878423,0.9199205398033306,0.0786326078615458
