,subsizes,<S>,<S^2>,<S>_typ,<S>_deg,<S>_all,<S^2>_deg,<S^2>_all
0,1,0.6931471805599455,-1.6653345369377348e-16,0.0,0.6931471805599453,0.6931471805599455,0.0,-1.6653345369377348e-16
1,2,1.3801004420728085,7.015208364502534e-05,0.0,1.3821443958495767,1.380254761150993,3.3040672654305325e-05,6.775162440941784e-05
2,3,2.017580033525002,0.00245804807788641,0.0,2.0289037555858798,2.018748506555778,0.001275394430871657,0.002372944956507972
3,4,2.5912709364808966,0.011720997662783894,0.0,2.6160662650728326,2.593633092689547,0.00715886202140581,0.011420664966293792
4,5,3.0918673706006907,0.0316412501980583,0.0,3.1409979230068386,3.096290374772303,0.019969740578272166,0.03095344377456044
5,6,3.5030706538180425,0.06033645772475893,0.0,3.578373005665865,3.5097884915109656,0.03747643061648631,0.05908925856163627
6,7,3.813003376265012,0.09470803186702348,0.0,3.9141798824722134,3.822102108301479,0.05888404438131012,0.09296705976980668
7,8,4.006750404029548,0.12402513920428859,0.0,4.12556128861751,4.01760152024388,0.07770428975291921,0.12201941077644562
8,9,4.072736192181308,0.13644591804267492,0.0,4.198590077090158,4.084301713452229,0.08591331733239471,0.1343881006082377
