,subsizes,<S>,<S^2>,<S>_typ,<S>_deg,<S>_all,<S^2>_deg,<S^2>_all
0,1,0.33946747582040054,0.0031789839210999704,0.0,0.04481624122934555,0.37491909702711435,0.056070657134569664,0.032665294328575734
1,2,0.6705997717005161,0.012478956165868638,0.0,0.05380702807513673,0.701257094135129,0.06446758212157393,0.018666466804553805
2,3,0.8632971134024446,0.020586751513753776,0.0,0.062370232334700834,0.9026043765947764,0.07791420973522079,0.012835408860740083
3,4,1.023172844551867,0.028906195526948064,0.0,0.06957131534408759,1.0550300347913493,0.09333702358356251,0.009957740301473894
4,5,1.1432206532961111,0.0360719548462074,0.0,0.07456907383900424,1.1811763522386953,0.10625094830139226,0.008546452337316879
5,6,1.232296297235208,0.04190261591614175,0.0,0.07863705533065217,1.2660478628773566,0.11809925519977221,0.008079630582644937
6,7,1.2953330628765014,0.04629752357554029,0.0,0.07996464412127417,1.331681358174957,0.12222562130874479,0.008005589254745926
7,8,1.3317912642455254,0.04894528216752869,0.0,0.08072847584738985,1.3671902366289481,0.12465764610978146,0.008069533350243185
8,9,1.3436301073324877,0.04982056898393661,0.0,0.0809782103363101,1.3789637459540947,0.12546197137107812,0.008109705511161636
