,subsizes,<S>,<S^2>,<S>_typ,<S>_deg,<S>_all,<S^2>_deg,<S^2>_all
0,1,0.450561208866305,2.7755575615628914e-17,0.0,0.0,0.45056120886630496,0.0,8.326672684688674e-17
1,2,0.8741728816715063,0.0009436882394997514,0.0,0.0,0.8736958816663121,0.0,0.0010118586288498932
2,3,1.2272649991872746,0.007209612952430389,0.0,0.0,1.225543814476116,0.0,0.007389388326390689
3,4,1.4790618041277297,0.012932985422373644,0.0,0.0,1.4780757328591756,0.0,0.013476337477580813
4,5,1.677022828678296,0.020464082859307453,0.0,0.0,1.677359878294883,0.0,0.021572851463833587
5,6,1.8245495170943478,0.02806723926614607,0.0,0.0,1.8261108840183573,0.0,0.02975898654434106
6,7,1.9270259759430253,0.03458373939037518,0.0,0.0,1.9295434675941634,0.0,0.036839402821252865
7,8,1.9866443402108853,0.038826516555203305,0.0,0.0,1.9903496608334585,0.0,0.04144600346553018
8,9,2.0063128693239998,0.040298234197848615,0.0,0.0,2.0106420203524795,0.0,0.043149901840134675
