,subsizes,<S>,<S^2>,<S>_typ,<S>_deg,<S>_all
0,1,0.6682484776645388,5.551115123125783e-17,0.0,0.6682484776645388,0.6682484776645388
1,2,1.3170032927275008,0.0003929894550100954,0.0,1.3168826648281442,1.316880281573268
2,3,1.9009479789900465,0.004452119654072106,0.0,1.907232506183427,1.9022609480592365
3,4,2.406234047593433,0.017944764931889345,0.0,2.426851616352265,2.4108624655082163
4,5,2.825828811106215,0.04385777308554761,0.0,2.864835066007511,2.8347982678007586
5,6,3.1505624494792044,0.07742537010205908,0.0,3.2088996281234534,3.16417650164875
6,7,3.380765406833295,0.1120227083592944,0.0,3.4566019061041477,3.3986589099974087
7,8,3.516525061173106,0.13777783007042466,0.0,3.60549470264941,3.537671873107286
8,9,3.5618263149315177,0.1480028937239073,0.0,3.6545946893653403,3.5839150194246776
