,subsizes,<S>,<S^2>,<S>_typ,<S>_deg,<S>_all
0,1,0.5297061990576548,-1.1102230246251565e-16,0.0,,0.5297061990576548
1,2,1.035042073727881,0.0008422608643989804,0.0,,1.0358613094981226
2,3,1.4653825800898828,0.007362643453113549,0.0,,1.4666826279077205
3,4,1.8118525663654372,0.02185451629623314,0.0,,1.8124581377253068
4,5,2.06945328812772,0.03711305320594516,0.0,,2.0699641559654283
5,6,2.2623523358724578,0.0536423763622178,0.0,,2.2629871630959277
6,7,2.3950657198733603,0.06731521676722618,0.0,,2.395635033753395
7,8,2.4736662214445353,0.07700591136336588,0.0,,2.47421511274225
8,9,2.49966896522138,0.08086432317361147,0.0,,2.5001408871878423
