,subsizes,<S>,<S^2>,<S>_typ,<S>_deg,<S>_all
0,1,0.45056120886630485,8.326672684688674e-17,0.0,0.0,0.45056120886630485
1,2,0.8734204861954393,0.0009164602075104611,0.0,0.0,0.8741019476441099
2,3,1.2226061743137675,0.007230325689530748,0.0,0.0,1.2243689518523069
3,4,1.4725598686611097,0.013301622710161443,0.0,0.0,1.4748679701993848
4,5,1.668807592874256,0.021547917321349086,0.0,0.0,1.6719516433901416
5,6,1.813789410468288,0.02979727793289033,0.0,0.0,1.818125944123616
6,7,1.9136981740525538,0.03687996740140065,0.0,0.0,1.9186283706244731
7,8,1.972735065136855,0.04177180041162387,0.0,0.0,1.9784789466799382
8,9,1.9929868155677828,0.04361110366904919,0.0,0.0,1.9990983820352473
