,subsizes,<S>,<S^2>,<S>_typ,<S>_deg,<S>_all
0,1,0.5908422462755828,-2.220446049250313e-16,0.0,0.0,0.5908422462755828
1,2,1.1569318174677337,0.0007885183116171923,0.0,0.0,1.1569318174677337
2,3,1.6533271725196044,0.006843362022681987,0.0,0.0,1.6533271725196044
3,4,2.0686445103867492,0.022802127123183524,0.0,0.0,2.0686445103867492
4,5,2.395964393094337,0.045824905023599705,0.0,0.0,2.395964393094337
5,6,2.63903493476504,0.06977502714154316,0.0,0.0,2.63903493476504
6,7,2.808415336943622,0.09186077893736844,0.0,0.0,2.808415336943622
7,8,2.9074819621284926,0.10704046646189624,0.0,0.0,2.9074819621284926
8,9,2.94014382364555,0.11271552199404411,0.0,0.0,2.94014382364555
