,subsizes,<S>,<S^2>,<S>_typ,<S>_deg,<S>_all
0,1,0.6869615765973235,5.551115123125783e-17,0.0,0.0,0.6869615765973235
1,2,1.3586224020315905,0.0005564866798288826,0.0,0.0,1.358620769783253
2,3,1.9711481147361967,0.005321014744339436,0.0,0.0,1.9711520883268374
3,4,2.510728936257885,0.020705964519953213,0.0,0.0,2.5107475742855994
4,5,2.968539718266824,0.05052726578646727,0.0,0.0,2.9685794214403165
5,6,3.331608610683255,0.09068185875567991,0.0,0.0,3.3316795190917494
6,7,3.5954192927224318,0.13393050495109016,0.0,0.0,3.5955191766280103
7,8,3.75478084395548,0.16780343717197255,0.0,0.0,3.754885450000178
8,9,3.8082892470474428,0.1813900066957821,0.0,0.0,3.8083977275744387
