,subsizes,<S>,<S^2>,<S>_typ,<S>_deg,<S>_all
0,1,0.5297061990576548,1.1102230246251565e-16,0.0,0.0,0.5297061990576548
1,2,1.0350437652692306,0.0008189517744141561,0.0,0.0,1.0350437652692306
2,3,1.4642318183882144,0.007246323429707768,0.0,0.0,1.4642318183882144
3,4,1.8078686072285297,0.021253954637689976,0.0,0.0,1.8078686072285297
4,5,2.0648828908004746,0.036449714564596114,0.0,0.0,2.0648828908004746
5,6,2.257118080218949,0.05286775096950613,0.0,0.0,2.257118080218949
6,7,2.389449895203563,0.06640019804794495,0.0,0.0,2.389449895203563
7,8,2.4676024308971574,0.07583150844898423,0.0,0.0,2.4676024308971574
8,9,2.4934657358330155,0.07953684630114655,0.0,0.0,2.4934657358330155
