,subsizes,<S>,<S^2>,<S>_typ,<S>_deg,<S>_all
0,1,,,0.0,0.01872924004526345,
1,2,,,0.0,0.036710813736845815,
2,3,,,0.0,0.05336141268436002,
3,4,,,0.0,0.06772969078135542,
4,5,,,0.0,0.07854188007489667,
5,6,,,0.0,0.0873284108630316,
6,7,,,0.0,0.0920722208434681,
7,8,,,0.0,0.0949733822878795,
8,9,,,0.0,0.09599522514080057,
