,subsizes,<S>,<S^2>,<S>_typ,<S>_deg,<S>_all
0,1,0.5297061990576547,5.551115123125783e-17,0.0,0.0,0.5297061990576548
1,2,1.0352584335211674,0.0007991833452947184,0.0,0.0,1.0350437652692308
2,3,1.4648481986972408,0.007086875029367334,0.0,0.0,1.4642318183882144
3,4,1.8086016386372221,0.020861063423053938,0.0,0.0,1.8078686072285293
4,5,2.0656260412050145,0.035923229614951424,0.0,0.0,2.064882890800474
5,6,2.2577406145817127,0.05217488104240964,0.0,0.0,2.257118080218948
6,7,2.389950447225081,0.06555533259966584,0.0,0.0,2.3894498952035637
7,8,2.4680398386433446,0.07487611516321468,0.0,0.0,2.4676024308971582
8,9,2.493926911633599,0.07852608766345259,0.0,0.0,2.493465735833017
