,subsizes,<S>,<S^2>,<S>_typ,<S>_deg,<S>_all
0,1,0.6682484776645388,1.1102230246251565e-16,0.0,0.0,0.6682484776645388
1,2,1.3172290106545623,0.0006229242036530636,0.0,0.0,1.3172558180220901
2,3,1.9031378634846066,0.0056145746355760195,0.0,0.0,1.903177130228728
3,4,2.4119701811054344,0.02106215365073094,0.0,0.0,2.41208301656476
4,5,2.8355540908983707,0.04953811709725997,0.0,0.0,2.8357527950406403
5,6,3.1635278226240335,0.0854248088325349,0.0,0.0,3.163831658355808
6,7,3.3962297885392387,0.12181232705749423,0.0,0.0,3.3965886053095944
7,8,3.534002226640301,0.14878743731727617,0.0,0.0,3.5343892018072953
8,9,3.5797600350038543,0.15899927770635536,0.0,0.0,3.580149036373005
