,subsizes,<S>,<S^2>,<S>_typ,<S>_deg,<S>_all
0,1,0.5908422462755827,-1.1102230246251565e-16,0.0,,0.5908422462755828
1,2,1.1569088042733544,0.0008214290935628643,0.0,,1.1573742206391435
2,3,1.653731217007949,0.007013719617696257,0.0,,1.6556179671154834
3,4,2.0691788264339124,0.02341385425596343,0.0,,2.0725334404113798
4,5,2.397636799833763,0.04764809111688528,0.0,,2.4024642345628777
5,6,2.6404826386012625,0.0726019052805924,0.0,,2.6471339471003654
6,7,2.8096488305621254,0.0956788345510402,0.0,,2.8179129220728782
7,8,2.908210948056803,0.11137569588068352,0.0,,2.9176293491563867
8,9,2.9407663662226926,0.11724789248154543,0.0,,2.9505393877594104
