,subsizes,<S>,<S^2>,<S>_typ,<S>_deg,<S>_all
0,1,0.6869615765973233,2.7755575615628914e-16,0.0,0.0,0.6869615765973233
1,2,1.358620769783253,0.0005574546832149974,0.0,0.0,1.358620769783253
2,3,1.9711520883268374,0.005324370716784266,0.0,0.0,1.9711520883268374
3,4,2.5107475742855994,0.020710123043591544,0.0,0.0,2.5107475742855994
4,5,2.968579421440317,0.050526604703831524,0.0,0.0,2.968579421440317
5,6,3.3316795190917485,0.09068705425089973,0.0,0.0,3.3316795190917485
6,7,3.59551917662801,0.1339479366808014,0.0,0.0,3.59551917662801
7,8,3.7548854500001765,0.16781875226979892,0.0,0.0,3.7548854500001765
8,9,3.808397727574438,0.18140551583800502,0.0,0.0,3.808397727574438
