,subsizes,<S>,<S^2>,<S>_typ,<S>_deg,<S>_all
0,1,0.5908422462755828,-1.1102230246251565e-16,0.0,0.0,0.5908422462755828
1,2,1.1569318174677337,0.0007885183116171923,0.0,0.0,1.1569318174677337
2,3,1.6533271725196044,0.006843362022681987,0.0,0.0,1.6533271725196044
3,4,2.0686445103867492,0.022802127123183524,0.0,0.0,2.0686445103867492
4,5,2.395964393094338,0.04582490502360059,0.0,0.0,2.395964393094338
5,6,2.639034934765044,0.06977502714154937,0.0,0.0,2.639034934765044
6,7,2.808415336943631,0.09186077893737998,0.0,0.0,2.808415336943631
7,8,2.907481962128506,0.10704046646191578,0.0,0.0,2.907481962128506
8,9,2.9401438236455646,0.11271552199406543,0.0,0.0,2.9401438236455646
