,subsizes,<S>,<S^2>,<S>_typ,<S>_deg,<S>_all,<S^2>_deg,<S^2>_all
0,1,0.5908422462755828,-1.1102230246251565e-16,0.0,0.4923685385629855,0.5908422462755828,0.04848535555333003,-1.1102230246251565e-16
1,2,1.1569088042733544,0.0008214290935628643,0.0,0.9694652097579455,1.1575100817308017,0.18816585258277163,0.0007778748513096456
2,3,1.653731217007949,0.007013719617697145,0.0,1.4009176500889664,1.6559596176041769,0.3942337404580436,0.0067162729041641
3,4,2.069178826433913,0.02341385425596254,0.0,1.7681622158839603,2.073223042397425,0.629999967811604,0.022359022178679133
4,5,2.397636799833763,0.04764809111688706,0.0,2.0617948659632956,2.4036713539712546,0.8578449755554205,0.04549113736087662
5,6,2.640482638601263,0.07260190528059152,0.0,2.2913732133722764,2.648844116803082,1.061001181299945,0.06941246718984839
6,7,2.8096488305621254,0.0956788345510402,0.0,2.4564695023748095,2.8200064221999517,1.2220233135031533,0.09169471920690686
7,8,2.908210948056803,0.11137569588068352,0.0,2.5562466573670455,2.9199577324596384,1.325767476675801,0.10695527797732396
8,9,2.940766366222692,0.11724789248154721,0.0,2.5895093229467983,2.952955298434334,1.3618235286342575,0.11264830851027519
