,subsizes,<S>,<S^2>,<S>_typ,<S>_deg,<S>_all
0,1,0.6869615765973235,0.0,0.0,0.6869615765973236,0.6869615765973234
1,2,1.354496746192058,0.0004556545647487198,0.0,1.3584593983782367,1.3561678402383617
2,3,1.95612386622665,0.005002273258964518,0.0,1.9731318379050737,1.9634517646236693
3,4,2.478026824277215,0.02007620192786863,0.0,2.519765389431302,2.4960100158822374
4,5,2.9142684849296554,0.0496187153746952,0.0,2.9872359800516466,2.945585115581337
5,6,3.2553405968729225,0.08930582873859372,0.0,3.361811725867127,3.3008499707257997
6,7,3.4999186465661625,0.13151088282955037,0.0,3.636456022770941,3.5580888646633078
7,8,3.6459041902443214,0.16387986430937573,0.0,3.8043274061406414,3.7132783486139105
8,9,3.6941079455431156,0.17627649193401496,0.0,3.861320161235421,3.765178274813582
