,subsizes,<S>,<S^2>,<S>_typ,<S>_deg,<S>_all
0,1,0.6365141682948131,-1.1102230246251565e-16,0.0,0.0,0.6365141682948131
1,2,1.2521050998574705,0.0006460897934157384,0.0,0.0,1.2521782003254642
2,3,1.8018630483860325,0.0056655976126473995,0.0,0.0,1.8020541236701666
3,4,2.2745827115870023,0.02080397298915937,0.0,0.0,2.274992349251494
4,5,2.660623341300822,0.04629157470453116,0.0,0.0,2.661178107413668
5,6,2.9549791819483917,0.07637587635105092,0.0,0.0,2.9556041707423377
6,7,3.1613140588278865,0.105431106551368,0.0,0.0,3.161970853500533
7,8,3.2830207576565615,0.12642610159784695,0.0,0.0,3.283654167495754
8,9,3.3230842435116106,0.13416469983734203,0.0,0.0,3.3237186174571542
