,subsizes,<S>,<S^2>,<S>_typ,<S>_deg,<S>_all
0,1,0.5908422462755826,1.1102230246251565e-16,0.0,0.0,0.5908422462755828
1,2,1.156914466329485,0.0007814198957800667,0.0,0.0,1.1569318174677337
2,3,1.653550216659591,0.006796074403641494,0.0,0.0,1.6533271725196044
3,4,2.0690984121499016,0.022657937049399557,0.0,0.0,2.0686445103867492
4,5,2.3964168261808934,0.04555163968274911,0.0,0.0,2.395964393094337
5,6,2.6394342592027518,0.0693599853133664,0.0,0.0,2.63903493476504
6,7,2.8086326978260243,0.09128742624123465,0.0,0.0,2.808415336943622
7,8,2.907603604091165,0.1063792958158345,0.0,0.0,2.9074819621284926
8,9,2.9402489220645904,0.11202234201167194,0.0,0.0,2.94014382364555
