,subsizes,<S>,<S^2>,<S>_typ,<S>_deg,<S>_all
0,1,0.6931471805599453,1.6653345369377348e-16,0.0,0.0,0.6931471805599453
1,2,1.3802000270668056,7.475105353793587e-05,0.0,0.0,1.3802000270668056
2,3,2.01848548643798,0.00238296419238182,0.0,0.0,2.01848548643798
3,4,2.5925857741532665,0.011613602292013248,0.0,0.0,2.5925857741532665
4,5,3.0934371288865266,0.03171341854471521,0.0,0.0,3.0934371288865266
5,6,3.5040006962392796,0.06077392305483009,0.0,0.0,3.5040006962392796
6,7,3.8128850513496313,0.09563747081609009,0.0,0.0,3.8128850513496313
7,8,4.005446412126114,0.12529246238168312,0.0,0.0,4.005446412126114
8,9,4.070969439553499,0.13779913758979134,0.0,0.0,4.070969439553499
