,subsizes,<S>,<S^2>,<S>_typ,<S>_deg,<S>_all,<S^2>_deg,<S^2>_all
0,1,0.33946747582040043,0.003178983921100026,0.0,0.04481624122934555,0.37491909702711435,0.05607065713456968,0.032665294328575706
1,2,0.670599771700516,0.012478956165868527,0.0,0.05380702807513673,0.7012570941351292,0.06446758212157395,0.018666466804553528
2,3,0.8632971134024449,0.020586751513753554,0.0,0.062370232334700834,0.9026043765947767,0.0779142097352208,0.012835408860739639
3,4,1.023172844551867,0.02890619552694762,0.0,0.06957131534408759,1.0550300347913493,0.09333702358356254,0.009957740301474116
4,5,1.1432206532961111,0.03607195484620718,0.0,0.07456907383900424,1.1811763522386953,0.10625094830139227,0.008546452337316879
5,6,1.232296297235208,0.04190261591614153,0.0,0.07863705533065217,1.2660478628773566,0.11809925519977224,0.008079630582644715
6,7,1.2953330628765014,0.04629752357554029,0.0,0.07996464412127416,1.331681358174957,0.12222562130874479,0.008005589254745926
7,8,1.3317912642455252,0.048945282167528914,0.0,0.08072847584738985,1.3671902366289481,0.12465764610978146,0.008069533350242741
8,9,1.3436301073324877,0.04982056898393661,0.0,0.0809782103363101,1.3789637459540947,0.12546197137107817,0.008109705511161192
