,subsizes,<S>,<S^2>,<S>_typ,<S>_deg,<S>_all
0,1,0.6365141682948131,-1.1102230246251565e-16,0.0,0.636514168294813,0.6365141682948128
1,2,1.2542746303346575,0.00037096187410079473,0.0,1.2561357475010588,1.2543482175434308
2,3,1.8083810238766829,0.004341588853737033,0.0,1.8148056545054925,1.8093199975963925
3,4,2.286637677224212,0.017647092652971708,0.0,2.3122245129549617,2.2905437024033044
4,5,2.680223787280611,0.0411863784490798,0.0,2.7300603881800405,2.687806343873409
5,6,2.9824163251056253,0.0698524726020846,0.0,3.058843807216706,2.9940581954442163
6,7,3.1948045728960657,0.09783320386722849,0.0,3.296892506971029,3.210456994362307
7,8,3.3209785322087955,0.11862197728256874,0.0,3.439708727111624,3.339255259709631
8,9,3.362490241737298,0.12615107397794212,0.0,3.4873527650423877,3.3817586318514055
