,subsizes,<S>,<S^2>,<S>_typ,<S>_deg,<S>_all,<S^2>_deg,<S^2>_all
0,1,0.6560796241329805,0.0027366114708780587,0.0,0.48881132201189315,0.6565598818630566,0.08806181008999281,0.002807242891101125
1,2,1.2827225334780328,0.013112517370054366,0.0,0.9603706467895956,1.2845995005269104,0.34012196335573763,0.012557178946361436
2,3,1.824926294798164,0.03965933747455086,0.0,1.3749083113754623,1.8293012491180305,0.7032146465158173,0.03855449036624714
3,4,2.260802767402001,0.08884563786105026,0.0,1.7136731932821043,2.2686313068451316,1.1058864212432202,0.0870192604455795
4,5,2.5813405310005586,0.15522521529522937,0.0,1.9682679159420007,2.5928260128709963,1.4788925911476003,0.15280349165667761
5,6,2.7755696977914064,0.2139870836740725,0.0,2.1255770600308983,2.7900824579443317,1.7441082753798476,0.21151960633023315
6,7,2.8408653357123086,0.23912417381501605,0.0,2.179979420290062,2.8568332372797594,1.8446405855219696,0.23698461668269388
