,subsizes,<S>,<S^2>,<S>_typ,<S>_deg,<S>_all
0,1,0.6560796241329805,0.0027366114708780587,0.0,0.48881132201189315,0.6565598818630566
1,2,1.2827225334780328,0.013112517370054366,0.0,0.9603706467895956,1.2845995005269104
2,3,1.824926294798164,0.03965933747455086,0.0,1.3749083113754623,1.8293012491180305
3,4,2.260802767402001,0.08884563786105026,0.0,1.7136731932821043,2.2686313068451316
4,5,2.5813405310005586,0.15522521529522937,0.0,1.9682679159420007,2.5928260128709963
5,6,2.7755696977914064,0.2139870836740725,0.0,2.1255770600308983,2.7900824579443317
6,7,2.8408653357123086,0.23912417381501605,0.0,2.179979420290062,2.8568332372797594
