,subsizes,<S>,<S^2>,<S>_typ,<S>_deg,<S>_all
0,1,0.6560796241329805,0.0027366114708780587,0.0,,0.6562349522576583
1,2,1.2827225334780328,0.013112517370054366,0.0,,1.2844208391689163
2,3,1.824926294798164,0.03965933747455086,0.0,,1.829249934444234
3,4,2.260802767402001,0.08884563786105026,0.0,,2.268684719671186
4,5,2.5813405310005586,0.15522521529522937,0.0,,2.5929554446163725
5,6,2.7755696977914064,0.2139870836740725,0.0,,2.7902597979457475
6,7,2.8408653357123086,0.23912417381501605,0.0,,2.8570279583441023
