,subsizes,<S>,<S^2>,<S>_typ,<S>_deg,<S>_all
0,1,0.6560796241329805,0.0027366114708779476,0.0,0.00031065624935554443,0.6562349522576583
1,2,1.2848164655206642,0.013545085430308967,0.0,0.0006031927441633583,1.2851284936700456
2,3,1.8317942684710995,0.04089606722063266,0.0,0.0008640144781661953,1.8322884584285863
3,4,2.273700364812037,0.09117781803818037,0.0,0.001067992400190221,2.274355341102345
4,5,2.5996773715318726,0.15869454456828969,0.0,0.0011755396856769603,2.6004479213863143
5,6,2.797715589863363,0.21833806471507344,0.0,0.0012513311014215828,2.798568163605947
6,7,2.864725842231068,0.24420665607361158,0.0,0.001263613873195884,2.8655997740557946
