,subsizes,<S>,<S^2>,<S>_typ,<S>_deg,<S>_all,<S^2>_deg,<S^2>_all
0,1,0.4101163182884091,-2.7755575615628914e-17,0.0,0.057209711387791476,0.45334479155273216,0.06556198860740375,0.025774900278617285
1,2,0.7727373515085819,0.0018164052107016992,0.0,0.07037546099752116,0.8172647050010898,0.07976576259715551,-0.003367018156504531
2,3,1.0065044552219928,0.0026035781314452944,0.0,0.08256058494731469,1.0486407733740999,0.10166386253699604,-0.02236561397393566
3,4,1.164841614558084,0.004121059572399721,0.0,0.09339557294421631,1.216846978706781,0.12820300372093676,-0.033785560249826485
4,5,1.2695937927971659,0.00569518843626704,0.0,0.10090367086713413,1.3252949621518375,0.15050659382908035,-0.039787446406327476
5,6,1.3306454834414168,0.006756469002038523,0.0,0.10675696003766098,1.3867363022276633,0.17013039372083172,-0.041738752116160294
6,7,1.3497579302406437,0.007188334009204933,0.0,0.10770166744388693,1.4061899034093595,0.17350092177237747,-0.04276584519242177
