,subsizes,<S>,<S^2>,<S>_typ,<S>_deg,<S>_all
0,1,0.41011631828840883,0.0,0.0,0.02796247624693697,0.42409755641187724
1,2,0.7591400604462811,0.002574399099655178,0.0,0.05429397546639633,0.7862214108312231
2,3,0.9933071805978805,0.0029503359160909515,0.0,0.07794170040810024,1.035040804011053
3,4,1.1598066822199569,0.0026111871113043694,0.0,0.0982033142432516,1.2195583557486667
4,5,1.2737672863740959,0.002324827524040174,0.0,0.11255395027783921,1.3430304653717235
5,6,1.34000823866642,0.002451015660262623,0.0,0.12271950895631885,1.4159332932773927
6,7,1.358732943213468,0.002688302826794331,0.0,0.12522870302668246,1.4359857971912033
