,subsizes,<S>,<S^2>,<S>_typ,<S>_deg,<S>_all
0,1,0.5982695885852573,-5.551115123125783e-17,0.0,0.0,0.5982695885852573
1,2,1.161183593656194,0.0012020330301238946,0.0,0.0,1.161183593656194
2,3,1.6323580660800963,0.009658857517520936,0.0,0.0,1.6323580660800963
3,4,1.9897327796671407,0.028455905486717725,0.0,0.0,1.9897327796671407
4,5,2.2317296235614292,0.05042225491177188,0.0,0.0,2.2317296235614292
5,6,2.3725902686335685,0.0688997413622392,0.0,0.0,2.3725902686335685
6,7,2.4187338993442,0.07638483996231304,0.0,0.0,2.4187338993442
