,subsizes,<S>,<S^2>,<S>_typ,<S>_deg,<S>_all,<S^2>_deg,<S^2>_all
0,1,0.41011631828840883,2.7755575615628914e-17,0.0,0.05720971138779147,0.4533447915527319,0.06556198860740373,0.025774900278617258
1,2,0.7727373515085817,0.0018164052107021433,0.0,0.07037546099752115,0.8172647050010895,0.07976576259715548,-0.003367018156504198
2,3,1.0065044552219928,0.0026035781314452944,0.0,0.08256058494731469,1.0486407733741,0.10166386253699602,-0.022365613973935883
3,4,1.1648416145580838,0.004121059572400165,0.0,0.09339557294421631,1.2168469787067813,0.12820300372093676,-0.033785560249826485
4,5,1.2695937927971659,0.00569518843626704,0.0,0.10090367086713416,1.3252949621518375,0.1505065938290803,-0.039787446406327476
5,6,1.330645483441417,0.006756469002038301,0.0,0.10675696003766098,1.386736302227664,0.1701303937208317,-0.041738752116161626
6,7,1.349757930240644,0.007188334009204933,0.0,0.10770166744388691,1.4061899034093597,0.17350092177237747,-0.042765845192422214
