,subsizes,<S>,<S^2>,<S>_typ,<S>_deg,<S>_all
0,1,0.6931471805599453,-1.1102230246251565e-16,0.0,,0.6931471805599454
1,2,1.3726083943717762,0.00016301943391039408,0.0,,1.3730122464564787
2,3,1.9869607601508954,0.004152393466839044,0.0,,1.9877738022920672
3,4,2.5099209547908448,0.018344717750331974,0.0,,2.5109568420965576
4,5,2.921008223267928,0.04633533734191353,0.0,,2.922665519975487
5,6,3.1863755407710266,0.07784211117026629,0.0,,3.1884631263515057
6,7,3.2799665753179776,0.09467811283719207,0.0,,3.282126872890388
