,subsizes,<S>,<S^2>,<S>_typ,<S>_deg,<S>_all
0,1,0.6517565611726531,5.551115123125783e-17,0.0,0.0,0.6517565611726531
1,2,1.2718471847235158,0.001098834778031632,0.0,0.0,1.2718471847235158
2,3,1.8038561572351268,0.009577633243369021,0.0,0.0,1.8038561572351268
3,4,2.2239663376296503,0.03162078045118566,0.0,0.0,2.2239663376296503
4,5,2.522294425333498,0.06379557329948238,0.0,0.0,2.522294425333498
5,6,2.696122249179485,0.09181571195777938,0.0,0.0,2.696122249179485
6,7,2.7536544845112227,0.1036221158491033,0.0,0.0,2.7536544845112227
