,subsizes,<S>,<S^2>,<S>_typ,<S>_deg,<S>_all
0,1,0.5195798391305155,0.0,0.0,0.0,0.5195798391305154
1,2,0.9982635738151969,0.0012943278873619457,0.0,0.0,0.9989359024591097
2,3,1.373543512144224,0.010083415551235486,0.0,0.0,1.3765215796104884
3,4,1.6350779677034804,0.02193073643276966,0.0,0.0,1.6385748107499498
4,5,1.8118283664234505,0.03469951713029129,0.0,0.0,1.8160444972847165
5,6,1.914248552493096,0.04557504558494685,0.0,0.0,1.9190508116759182
6,7,1.947581784764176,0.04990867513571828,0.0,0.0,1.9524752183479495
