,subsizes,<S>,<S^2>,<S>_typ,<S>_deg,<S>_all
0,1,0.4101163182884088,5.551115123125783e-17,0.0,0.02796247624693697,0.42409755641187724
1,2,0.7581354485061389,0.0027963046210913722,0.0,0.05429397546639634,0.7862214108312231
2,3,0.9905582771783766,0.0028589429870672367,0.0,0.07777079769955281,1.035040804011053
3,4,1.1606032920793135,0.0026528993753702768,0.0,0.09613105219734179,1.2195583557486667
4,5,1.2736725108911882,0.002322926557949634,0.0,0.10581148972945034,1.3430304653717235
5,6,1.3391922875026452,0.002441706335471361,0.0,0.11263355001916686,1.4159332932773927
6,7,1.3573223293194139,0.002705340277339374,0.0,0.11373913445436798,1.4359857971912033
