,subsizes,<S>,<S^2>,<S>_typ,<S>_deg,<S>_all,<S^2>_deg,<S^2>_all
0,1,0.2573186405438316,0.0,0.0,0.0,0.2573186405438316,0.0,0.0
1,2,0.4101163182884089,0.0,0.0,0.0,0.4101163182884089,0.0,0.0
2,3,0.5195798391305153,0.0,0.0,0.0,0.5195798391305153,0.0,0.0
3,4,0.5982695885852571,0.0,0.0,0.0,0.5982695885852571,0.0,0.0
4,5,0.6517565611726531,0.0,0.0,0.0,0.6517565611726531,0.0,0.0
5,6,0.6829081047004717,0.0,0.0,0.0,0.6829081047004717,0.0,0.0
6,7,0.6931471805599453,0.0,0.0,0.0,0.6931471805599453,0.0,0.0
