,subsizes,<S>,<S^2>,<S>_typ,<S>_deg,<S>_all
0,1,0.6517565611726532,5.551115123125783e-17,0.0,0.0,0.6517565611726532
1,2,1.2718471847235158,0.001098834778031632,0.0,0.0,1.2718471847235158
2,3,1.803856157235127,0.009577633243368133,0.0,0.0,1.803856157235127
3,4,2.2239663376296503,0.03162078045118566,0.0,0.0,2.2239663376296503
4,5,2.5222944253334982,0.06379557329947882,0.0,0.0,2.5222944253334982
5,6,2.6961222491794845,0.09181571195777671,0.0,0.0,2.6961222491794845
6,7,2.753654484511222,0.10362211584910153,0.0,0.0,2.753654484511222
