,subsizes,<S>,<S^2>,<S>_typ,<S>_deg,<S>_all
0,1,0.4101163182884091,-2.7755575615628914e-17,0.0,0.02796247624693697,0.4240975564118776
1,2,0.7727373515085819,0.0018164052107016992,0.0,0.05429397546639635,0.801183219469965
2,3,1.0065044552219928,0.0026035781314452944,0.0,0.07794170040810024,1.0440218888348853
3,4,1.164841614558084,0.004121059572399721,0.0,0.0982033142432516,1.2216547200058163
4,5,1.2695937927971659,0.00569518843626704,0.0,0.11255395027783921,1.3369452415625425
5,6,1.3306454834414168,0.006756469002038523,0.0,0.12271950895631885,1.4026988511463214
6,7,1.3497579302406437,0.007188334009204933,0.0,0.12522870302668246,1.423716938992155
