,subsizes,<S>,<S^2>,<S>_typ,<S>_deg,<S>_all
0,1,0.6829081047004717,1.1102230246251565e-16,0.0,0.6829081047004717,0.6829081047004717
1,2,1.3337010651701096,0.0011246683168009142,0.0,1.3435888375109912,1.3360198224958064
2,3,1.898102897369722,0.009781088171621377,0.0,1.9287814126671845,1.9054692733386434
3,4,2.352664661072361,0.034188252801337526,0.0,2.4175850338994116,2.3678754341983796
4,5,2.6873332326486334,0.07450111627674172,0.0,2.790490619818197,2.7109120298168095
5,6,2.8883443513067806,0.11210773865991541,0.0,3.022778507377072,2.918837476853763
6,7,2.954601418550835,0.12842861359191815,0.0,3.1050193951735654,2.9885528431575916
