,subsizes,<S>,<S^2>,<S>_typ,<S>_deg,<S>_all
0,1,0.5982695885852571,1.1102230246251565e-16,0.0,0.2982382864176257,0.5982695885852573
1,2,1.1621134888091436,0.0009361484103929119,0.0,0.5844853684458523,1.1640296632967289
2,3,1.6355726507471908,0.008390260596702781,0.0,0.8229470703502044,1.638077126159498
3,4,1.9985711386382883,0.025681133579131377,0.0,0.9961261251558685,1.999706878301505
4,5,2.245488136385123,0.045827169232500964,0.0,1.1142567989138832,2.2452202483931156
5,6,2.389833532718455,0.06302167601596409,0.0,1.1807496624992548,2.3885534470515357
6,7,2.437084462187941,0.0698942142316179,0.0,1.202338581200258,2.4354824323268183
