,subsizes,<S>,<S^2>,<S>_typ,<S>_deg,<S>_all
0,1,0.6517565611726531,1.1102230246251565e-16,0.0,,0.6517565611726532
1,2,1.2703727811491243,0.0010208650658705132,0.0,,1.2710732716145174
2,3,1.799784042467423,0.009196753882001918,0.0,,1.8017242107569034
3,4,2.2174814770079827,0.03106523130838479,0.0,,2.2209462241160676
4,5,2.514977547544073,0.06344910678494653,0.0,,2.519915282347738
5,6,2.687610704021667,0.0914356305987356,0.0,,2.6940616797837538
6,7,2.744963536850643,0.10329942477256271,0.0,,2.7519247445059105
