,subsizes,<S>,<S^2>,<S>_typ,<S>_deg,<S>_all
0,1,0.5195798391305155,-1.1102230246251565e-16,0.0,0.0,0.5195798391305155
1,2,0.9989359024591096,0.001335531782474364,0.0,0.0,0.9989359024591096
2,3,1.3765215796104882,0.010276361917533006,0.0,0.0,1.3765215796104882
3,4,1.6385748107499498,0.021653123390843465,0.0,0.0,1.6385748107499498
4,5,1.8160444972847165,0.03439987428663338,0.0,0.0,1.8160444972847165
5,6,1.9190508116759186,0.0453279807901632,0.0,0.0,1.9190508116759186
6,7,1.9524752183479488,0.04964249818310895,0.0,0.0,1.9524752183479488
