,subsizes,<S>,<S^2>,<S>_typ,<S>_deg,<S>_all
0,1,0.6517565611726531,1.6653345369377348e-16,0.0,0.0,0.6517565611726532
1,2,1.2716971515438225,0.0010919892235372597,0.0,0.0,1.2718471847235158
2,3,1.8030900418510707,0.009620618014476445,0.0,0.0,1.803856157235127
3,4,2.222641156906369,0.031788871530491924,0.0,0.0,2.2239663376296503
4,5,2.520702404247384,0.06396689484290263,0.0,0.0,2.5222944253334982
5,6,2.694347744876971,0.09194126076361542,0.0,0.0,2.6961222491794845
6,7,2.751754768666914,0.10368458630942179,0.0,0.0,2.753654484511222
