,subsizes,<S>,<S^2>,<S>_typ,<S>_deg,<S>_all
0,1,0.5982695885852573,5.551115123125783e-17,0.0,0.0,0.5982695885852573
1,2,1.160827329796149,0.001200204941506966,0.0,0.0,1.161183593656194
2,3,1.6303684534570593,0.00974252598967329,0.0,0.0,1.6323580660800963
3,4,1.9865776374045374,0.028569262266274098,0.0,0.0,1.9897327796671407
4,5,2.2280506488184653,0.050505817653258234,0.0,0.0,2.2317296235614292
5,6,2.368589795510766,0.0690747864046859,0.0,0.0,2.3725902686335685
6,7,2.414648366435386,0.07651142154959967,0.0,0.0,2.4187338993442
