,subsizes,<S>,<S^2>,<S>_typ,<S>_deg,<S>_all
0,1,0.6517565611726531,5.551115123125783e-17,0.0,0.0,0.6517565611726531
1,2,1.2716971515438225,0.0010919892235372597,0.0,0.0,1.2718471847235158
2,3,1.803090041851071,0.00962061801447689,0.0,0.0,1.8038561572351268
3,4,2.222641156906369,0.03178887153049281,0.0,0.0,2.2239663376296503
4,5,2.5207024042473845,0.06396689484290263,0.0,0.0,2.522294425333498
5,6,2.6943477448769717,0.09194126076361808,0.0,0.0,2.696122249179485
6,7,2.751754768666916,0.10368458630941824,0.0,0.0,2.7536544845112227
