,subsizes,<S>,<S^2>,<S>_typ,<S>_deg,<S>_all
0,1,0.5982695885852573,5.551115123125783e-17,0.0,0.0,0.5982695885852573
1,2,1.161183593656194,0.0012020330301238946,0.0,0.0,1.161183593656194
2,3,1.6323580660800958,0.009658857517521824,0.0,0.0,1.6323580660800958
3,4,1.9897327796671402,0.02845590548671817,0.0,0.0,1.9897327796671402
4,5,2.2317296235614292,0.050422254911770104,0.0,0.0,2.2317296235614292
5,6,2.372590268633568,0.06889974136223831,0.0,0.0,2.372590268633568
6,7,2.4187338993442,0.07638483996231038,0.0,0.0,2.4187338993442
