,subsizes,<S>,<S^2>,<S>_typ,<S>_deg,<S>_all
0,1,0.6931471805599454,-2.7755575615628914e-16,0.0,0.0,0.6931471805599454
1,2,1.3725585422557272,0.00017616351382621076,0.0,0.0,1.3725585422557272
2,3,1.9864272368766767,0.004263743385215513,0.0,0.0,1.9864272368766767
3,4,2.5087567878805683,0.018701463419858122,0.0,0.0,2.5087567878805683
4,5,2.9191064626042387,0.04674873591284623,0.0,0.0,2.9191064626042387
5,6,3.182741671030757,0.07786287706644401,0.0,0.0,3.182741671030757
6,7,3.2752176474627714,0.09416571876715452,0.0,0.0,3.2752176474627714
