,subsizes,<S>,<S^2>,<S>_typ,<S>_deg,<S>_all
0,1,0.6829081047004717,-5.551115123125783e-17,0.0,0.0,0.6829081047004717
1,2,1.339225356888908,0.0010192678598848204,0.0,0.0,1.339225356888908
2,3,1.9153308317303432,0.009157994782607481,0.0,0.0,1.9153308317303432
3,4,2.3857202846681917,0.032564159160046735,0.0,0.0,2.3857202846681917
4,5,2.735633326782183,0.07124944314294179,0.0,0.0,2.735633326782183
5,6,2.9476997603209862,0.10807458296172534,0.0,0.0,2.9476997603209862
6,7,3.0192492865331313,0.125241226245711,0.0,0.0,3.0192492865331313
