,subsizes,<S>,<S^2>,<S>_typ,<S>_deg,<S>_all
0,1,0.5982695885852573,5.551115123125783e-17,0.0,0.0,0.5982695885852573
1,2,1.160827329796149,0.001200204941506966,0.0,0.0,1.161183593656194
2,3,1.6303684534570593,0.009742525989672401,0.0,0.0,1.6323580660800958
3,4,1.9865776374045372,0.028569262266273654,0.0,0.0,1.9897327796671402
4,5,2.2280506488184657,0.05050581765325379,0.0,0.0,2.2317296235614292
5,6,2.368589795510766,0.069074786404685,0.0,0.0,2.372590268633568
6,7,2.414648366435386,0.07651142154959878,0.0,0.0,2.4187338993442
