,subsizes,<S>,<S^2>,<S>_typ,<S>_deg,<S>_all,<S^2>_deg,<S^2>_all
0,1,0.6517565611726531,1.1102230246251565e-16,0.0,0.6052025210888922,0.6517565611726532,0.028174622425565565,5.551115123125783e-17
1,2,1.2703322043897425,0.0010225597500286288,0.0,1.1833125203148198,1.2709990669875475,0.10951627712794054,0.0011047615857970872
2,3,1.7996793419966803,0.009214414369763446,0.0,1.6802374317388709,1.8014284909638414,0.22973591825866624,0.00958349790416646
3,4,2.217256039933746,0.031119161867554368,0.0,2.0753969824338423,2.220124262973241,0.36588820795630284,0.031675232566920286
4,5,2.5146090595790462,0.06353928644682494,0.0,2.358400800440127,2.5187059950374207,0.48958186162641226,0.06412154630221512
5,6,2.687138639414128,0.09155194695479718,0.0,2.5294841206069063,2.692528813760084,0.57875413826907,0.09230087878868609
6,7,2.7444320100264608,0.10341801995265243,0.0,2.5847409066331877,2.75025153186473,0.6102390671482087,0.10429088295644906
