,subsizes,<S>,<S^2>,<S>_typ,<S>_deg,<S>_all
0,1,0.41011631828840883,2.7755575615628914e-17,0.0,0.02796247624693697,0.4240975564118774
1,2,0.7727373515085817,0.0018164052107021433,0.0,0.05429397546639633,0.8011832194699647
2,3,1.0065044552219928,0.0026035781314452944,0.0,0.07794170040810024,1.0440218888348856
3,4,1.1648416145580838,0.004121059572400165,0.0,0.0982033142432516,1.2216547200058165
4,5,1.2695937927971659,0.00569518843626704,0.0,0.11255395027783921,1.3369452415625427
5,6,1.330645483441417,0.006756469002038301,0.0,0.12271950895631885,1.4026988511463216
6,7,1.349757930240644,0.007188334009204933,0.0,0.12522870302668246,1.4237169389921551
