,subsizes,<S>,<S^2>,<S>_typ,<S>_deg,<S>_all
0,1,0.410116318288409,0.0,0.0,0.02796247624693697,0.4240975564118775
1,2,0.7581354485061392,0.00279630462109115,0.0,0.05429397546639635,0.7862214108312234
2,3,0.9905582771783766,0.0028589429870673477,0.0,0.07777079769955281,1.0350408040110535
3,4,1.1606032920793135,0.0026528993753702768,0.0,0.09613105219734176,1.2195583557486667
4,5,1.2736725108911882,0.00232292655794919,0.0,0.10581148972945034,1.3430304653717235
5,6,1.339192287502645,0.002441706335471361,0.0,0.11263355001916686,1.4159332932773925
6,7,1.3573223293194139,0.002705340277339374,0.0,0.11373913445436798,1.4359857971912033
