,subsizes,<S>,<S^2>,<S>_typ,<S>_deg,<S>_all
0,1,0.5195798391305154,1.6653345369377348e-16,0.0,0.0,0.5195798391305154
1,2,0.9989359024591097,0.001335531782474364,0.0,0.0,0.9989359024591097
2,3,1.3765215796104884,0.010276361917532562,0.0,0.0,1.3765215796104884
3,4,1.6385748107499498,0.021653123390844353,0.0,0.0,1.6385748107499498
4,5,1.8160444972847165,0.034399874286633825,0.0,0.0,1.8160444972847165
5,6,1.9190508116759182,0.04532798079016587,0.0,0.0,1.9190508116759182
6,7,1.9524752183479495,0.049642498183108064,0.0,0.0,1.9524752183479495
