,subsizes,<S>,<S^2>,<S>_typ,<S>_deg,<S>_all
0,1,0.5982695885852573,5.551115123125783e-17,0.0,0.2982382864176257,0.5982695885852574
1,2,1.1620648971305574,0.000932691462394386,0.0,0.5859617938898797,1.1641049780436847
2,3,1.6355182988948844,0.00835541808024054,0.0,0.8273103688133843,1.6385158274069673
3,4,1.9987060428654069,0.025592957186383103,0.0,1.0079318857047992,2.0011427359749883
4,5,2.245891453704401,0.045718627704545156,0.0,1.1365416763962564,2.248051545488898
5,6,2.3904109110128764,0.06290847834247604,0.0,1.2110003967653944,2.3924194895349906
6,7,2.437762079067885,0.06979790493069693,0.0,1.2361251875514148,2.439848681852587
