,subsizes,<S>,<S^2>,<S>_typ,<S>_deg,<S>_all
0,1,0.4101163182884091,-5.551115123125783e-17,0.0,0.02796247624693697,0.4240975564118775
1,2,0.7591400604462812,0.002574399099655067,0.0,0.05429397546639635,0.7862214108312234
2,3,0.9933071805978805,0.0029503359160911735,0.0,0.07794170040810024,1.0350408040110535
3,4,1.159806682219957,0.0026111871113034812,0.0,0.0982033142432516,1.2195583557486667
4,5,1.273767286374096,0.00232482752403973,0.0,0.11255395027783921,1.3430304653717235
5,6,1.3400082386664198,0.0024510156602632893,0.0,0.12271950895631885,1.4159332932773925
6,7,1.3587329432134678,0.002688302826795219,0.0,0.12522870302668246,1.4359857971912033
