,subsizes,<S>,<S^2>,<S>_typ,<S>_deg,<S>_all
0,1,0.6517565611726531,1.1102230246251565e-16,0.0,0.6052025210888922,0.6517565611726532
1,2,1.2703322043897425,0.0010225597500286288,0.0,1.1833125203148198,1.2709990669875475
2,3,1.7996793419966803,0.009214414369763446,0.0,1.6802374317388709,1.8014284909638414
3,4,2.217256039933746,0.031119161867554368,0.0,2.0753969824338423,2.220124262973241
4,5,2.5146090595790462,0.06353928644682494,0.0,2.358400800440127,2.5187059950374207
5,6,2.687138639414128,0.09155194695479718,0.0,2.5294841206069063,2.692528813760084
6,7,2.7444320100264608,0.10341801995265243,0.0,2.5847409066331877,2.75025153186473
