,subsizes,<S>,<S^2>,<S>_typ,<S>_deg,<S>_all,<S^2>_deg,<S^2>_all
0,1,0.5982695885852573,5.551115123125783e-17,0.0,0.2982382864176257,0.5982695885852574,0.08948082143012333,-5.551115123125783e-17
1,2,1.1620648971305574,0.000932691462394386,0.0,0.5859617938898797,1.1641049780436847,0.34559312488337546,0.0008482368669344709
2,3,1.6355182988948844,0.00835541808024054,0.0,0.8273103688133843,1.6385158274069673,0.6898179525772384,0.008052657122955331
3,4,1.9987060428654069,0.025592957186383103,0.0,1.0079318857047992,2.0011427359749883,1.0250535532534153,0.02479559390553643
4,5,2.245891453704401,0.045718627704545156,0.0,1.1365416763962564,2.248051545488898,1.3054829497264293,0.04460428007166861
5,6,2.3904109110128764,0.06290847834247604,0.0,1.2110003967653944,2.3924194895349906,1.4841333294153873,0.061440987840760464
6,7,2.437762079067885,0.06979790493069693,0.0,1.2361251875514148,2.439848681852587,1.5470557328263657,0.06821064384375042
