,subsizes,<S>,<S^2>,<S>_typ,<S>_deg,<S>_all,<S^2>_deg,<S^2>_all
0,1,0.6829081047004717,1.1102230246251565e-16,0.0,0.6829081047004717,0.6829081047004717,-5.551115123125783e-17,-5.551115123125783e-17
1,2,1.3337010651701096,0.0011246683168009142,0.0,1.3435888375109912,1.3360198224958064,0.0005334101225575871,0.0010048984438595365
2,3,1.898102897369722,0.009781088171621377,0.0,1.9287814126671845,1.9054692733386434,0.005953299186972849,0.009011335949528743
3,4,2.352664661072361,0.034188252801337526,0.0,2.4175850338994116,2.3678754341983796,0.022393728407185343,0.03195477027282756
4,5,2.6873332326486334,0.07450111627674172,0.0,2.790490619818197,2.7109120298168095,0.049931091683331985,0.06999225247347063
5,6,2.8883443513067806,0.11210773865991541,0.0,3.022778507377072,2.918837476853763,0.07852821909846064,0.1063535111378755
6,7,2.954601418550835,0.12842861359191815,0.0,3.1050193951735654,2.9885528431575916,0.09428131105541304,0.12296373711371977
