,subsizes,<S>,<S^2>,<S>_typ,<S>_deg,<S>_all,<S^2>_deg,<S^2>_all
0,1,0.6931471805599453,-1.1102230246251565e-16,0.0,0.2550830096291406,0.6931471805599454,0.11174272713172395,-2.7755575615628914e-16
1,2,1.3726083943717762,0.00016301943391039408,0.0,0.5070257227848709,1.3730122464564787,0.44149977759354164,0.0001567087771987552
2,3,1.9869607601508954,0.004152393466839044,0.0,0.7390370454829635,1.9877738022920672,0.9384166955711091,0.004089535934812982
3,4,2.5099209547908448,0.018344717750331974,0.0,0.9315496761924966,2.5109568420965576,1.4927327445677174,0.01802599790041537
4,5,2.921008223267928,0.04633533734191353,0.0,1.0883992841745587,2.922665519975487,2.0428105780874906,0.045503462676517614
5,6,3.1863755407710266,0.07784211117026629,0.0,1.1894109136486353,3.1884631263515057,2.4473093459626547,0.07645664923047235
6,7,3.2799665753179776,0.09467811283719207,0.0,1.2260219285138947,3.282126872890388,2.6053837495395236,0.09302433079905548
