,subsizes,<S>,<S^2>,<S>_typ,<S>_deg,<S>_all
0,1,0.5195798391305156,-5.551115123125783e-17,0.0,0.0,0.5195798391305156
1,2,0.9992278831138779,0.001303626885983622,0.0,0.0,1.0000877636888432
2,3,1.3731379014403717,0.010471722959030982,0.0,0.0,1.377031834860692
3,4,1.631257953738414,0.02300604203737855,0.0,0.0,1.6369049017403385
4,5,1.8053844386544917,0.03628793383983986,0.0,0.0,1.812316583938065
5,6,1.9064568089240774,0.047419560714914155,0.0,0.0,1.9142100242796494
6,7,1.9386754787437739,0.05175934955964845,0.0,0.0,1.9469506036876933
