,subsizes,<S>,<S^2>,<S>_typ,<S>_deg,<S>_all
0,1,0.6931471805599453,-1.1102230246251565e-16,0.0,0.0,0.6931471805599454
1,2,1.372432821841964,0.00017586510361522478,0.0,0.0,1.3725585422557272
2,3,1.9859333599615636,0.004302700933951797,0.0,0.0,1.9864272368766767
3,4,2.507661894512129,0.018958910275847174,0.0,0.0,2.5087567878805683
4,5,2.917394059583558,0.04742646986416865,0.0,0.0,2.9191064626042387
5,6,3.1806974614017016,0.0790674199358179,0.0,0.0,3.182741671030757
6,7,3.273172862089996,0.09567874716039881,0.0,0.0,3.2752176474627714
