,subsizes,<S>,<S^2>,<S>_typ,<S>_deg,<S>_all
0,1,0.6829081047004719,-3.3306690738754696e-16,0.0,0.6829081047004719,0.6829081047004716
1,2,1.333703275417703,0.0011262263183917653,0.0,1.343717507996584,1.3360248211080479
2,3,1.8977109746456466,0.009892099186333603,0.0,1.930910139688753,1.9054904623229993
3,4,2.351462790970044,0.034577946697230466,0.0,2.42274514242788,2.3678408963197723
4,5,2.6852548040190776,0.07514778956778656,0.0,2.7986502859543223,2.710727489119067
5,6,2.8856381987246733,0.1127972670506523,0.0,3.032480153332165,2.918513494573198
6,7,2.951592240329536,0.12900900114775204,0.0,3.1155231649689044,2.988171962639536
