,sizes,Kin,Kin2,Int,Kin_loc,Kin2_loc,Int_loc,Sq0
0,14,0.08776610861196137,0.40900838123592503,0.03161828309486074,0.023456479185453495,0.10931208792170369,0.008450341607071124,0.17952290132139892
1,16,0.0887134285045641,0.3938822525198138,0.030126460863181288,0.022178357126141024,0.09847056312995353,0.007531615215795397,0.16390840930819026
2,18,0.08334523691943428,0.38908585358622305,0.029350520847546163,0.019644660735110477,0.09170841517819141,0.006917984107552327,0.1493279374627393
3,20,0.08690421961339656,0.38141612722754176,0.028859641658706702,0.019432374258712526,0.08528723881954917,0.006453212055515261,0.13868262730010036
4,22,0.08290175220631585,0.3800365036854891,0.028229467727704724,0.01767471295752185,0.08102405482702783,0.006018542741883697,0.1298661806533971
