,sizes,Kin,Kin2,Int,Kin_loc,Kin2_loc,Int_loc,Sq0
0,14,0.001783023035506564,0.03852364889353247,0.00024521402753907806,0.0001273587882504688,0.002751689206680891,1.7515287681362687e-05,0.008060190919909815
1,16,0.0017803698665936109,0.03435069470065731,0.00021397674662976938,0.00011127311666210052,0.0021469184187910867,1.3373546664360628e-05,0.006592288427637291
2,18,0.0015293815658625684,0.033226640181912015,0.0001950377789341683,8.496564254792045e-05,0.001845924454550664,1.0835432163009323e-05,0.005417226540653963
3,20,0.0016095274810922623,0.031413240947817875,0.0001841295320247541,8.047637405461341e-05,0.0015706620473908929,9.206476601237576e-06,0.004591084799093452
4,22,0.0014686774412027766,0.03082202536817845,0.00017251138978306404,6.675806550921731e-05,0.0014010011530990185,7.841426808319566e-06,0.003953435752055798
