,subsizes,<S>,<S^2>,<S>_typ,<S>_deg,<S>_all
0,1,0.6608400774855129,0.0020915178474921747,0.0,9.515969988891772e-05,0.6608876573354573
1,2,1.3031844183986487,0.009876508363791725,0.0,0.0001857938080492156,1.3032103758667009
2,3,1.8756274461259048,0.029913565060053493,0.0,0.0002697648525468056,1.87588186975104
3,4,2.362050411332001,0.07007002825256592,0.0,0.0003464136600838757,2.362444379405856
4,5,2.7502171607435604,0.12935329157522535,0.0,0.0004102517098669741,2.7508879489751847
5,6,3.0307498672747757,0.1941309496909298,0.0,0.000464155511653351,3.0315615961502482
6,7,3.201634391871135,0.24792379380150997,0.0,0.0004957523216568412,3.2024740614311584
7,8,3.258400855906563,0.26834779113289997,0.0,0.000504662759129701,3.259253385388357
