,subsizes,<S>,<S^2>,<S>_typ,<S>_deg,<S>_all
0,1,0.6608400774855129,0.0020915178474921747,0.0,9.515969988891771e-05,0.6608876573354573
1,2,1.303113022301232,0.009930899641192648,0.0,0.0001857938080492156,1.3032103758667009
2,3,1.8757235323288053,0.02988628628187895,0.0,0.0002665762552563206,1.87588186975104
3,4,2.3622277531692966,0.07020211397090748,0.0,0.00032962424271223436,2.362444379405856
4,5,2.7506236699501483,0.1294698254119524,0.0,0.000364989744680815,2.7508879489751847
5,6,3.03125636734461,0.19428019992792578,0.0,0.00039167550898320126,3.0315615961502482
6,7,3.2021429621368203,0.24818046866315768,0.0,0.0004006228741985004,3.2024740614311584
7,8,3.2589120057971934,0.26865093598426704,0.0,0.0004035337252412962,3.259253385388357
