,subsizes,<S>,<S^2>,<S>_typ,<S>_deg,<S>_all,<S^2>_deg,<S^2>_all
0,1,0.6607924976355684,0.002136474259362142,0.0,0.5812938822729511,0.6609602577775665,0.052557684755428435,0.0021756072163762186
1,2,1.3012968502088065,0.00973414930442651,0.0,1.147507361036316,1.3023105491561293,0.20548061867960365,0.009570241931702972
2,3,1.8696551038959017,0.028891677699750318,0.0,1.6549778320391786,1.8729368985973494,0.43238163219739345,0.02852497380578889
3,4,2.349456852772028,0.06688640518371525,0.0,2.095383823675855,2.356824379776868,0.7067583664218411,0.06677400273297707
4,5,2.7306779181666596,0.12315100493037523,0.0,2.4494130422142195,2.742896050208999,0.9870305434540851,0.12351832361485915
5,6,3.0053139575443932,0.18508389769560196,0.0,2.7086001106699236,3.0222176503867697,1.2298131399774874,0.1860603097012241
6,7,3.171920820439863,0.2362424222553745,0.0,2.866824627536391,3.1923567462135165,1.3970447343469932,0.23804781470045278
7,8,3.2269715634951384,0.2555210613401826,0.0,2.919931239553347,3.248783266264723,1.4565475357582258,0.25768567588689884
