,subsizes,<S>,<S^2>,<S>_typ,<S>_deg,<S>_all
0,1,0.661563238157982,2.220446049250313e-16,0.0,0.0,0.661563238157982
1,2,1.3012619285339029,0.0007311286821769514,0.0,0.0,1.3012940099507713
2,3,1.8659377605155172,0.006730447118795002,0.0,0.0,1.8662123336887173
3,4,2.341667162954416,0.02494635507746512,0.0,0.0,2.342074844180872
4,5,2.7134535720157813,0.05424179574102528,0.0,0.0,2.7139462326125914
5,6,2.9750080340958602,0.0865620389021391,0.0,0.0,2.9754563890043584
6,7,3.1295929560773335,0.11284956988056116,0.0,0.0,3.1299112362049084
7,8,3.1803287648139413,0.12258091007294603,0.0,0.0,3.180663902188898
