,subsizes,<S>,<S^2>,<S>_typ,<S>_deg,<S>_all,<S^2>_deg,<S^2>_all
0,1,0.661563238157982,2.7755575615628914e-16,0.0,0.661563238157982,0.6615632381579821,2.7755575615628914e-16,1.1102230246251565e-16
1,2,1.2996203089901672,0.0006391014449067534,0.0,1.3031692860138466,1.3003458196628501,0.0009873718957122968,0.0006999919608825511
2,3,1.8624140764410348,0.006217068994539776,0.0,1.8685688047332671,1.8640517878281049,0.007514396854217953,0.006456044269863792
3,4,2.3338224754611505,0.02374223051781943,0.0,2.356365246733353,2.338029991598634,0.025495296713780036,0.024124100860148268
4,5,2.702366491696758,0.052921755009395,0.0,2.7395872535946344,2.7089479660084366,0.053939107295874145,0.053362588530277755
5,6,2.9619020192472694,0.08559927769479536,0.0,3.013238218719926,2.970798914270141,0.08639532023484264,0.08629696471024317
6,7,3.114503681359075,0.11201892482994147,0.0,3.1767727386616413,3.125147992137842,0.11212027402568658,0.11292955901147472
7,8,3.1652168809836216,0.12240289248417113,0.0,3.228957125483407,3.1761558807459416,0.11959366963303886,0.12298305154248546
