,subsizes,<S>,<S^2>,<S>_typ,<S>_deg,<S>_all,<S^2>_deg,<S^2>_all
0,1,0.48257756517701234,0.0,0.0,0.0,0.48257756517701234,0.0,-5.551115123125783e-17
1,2,0.9348212384414865,0.0010517589033601782,0.0,0.0,0.9369478726846995,0.0,0.0009688733772358349
2,3,1.3037393843006186,0.008879412693216793,0.0,0.0,1.3081069718149776,0.0,0.009212794391174617
3,4,1.5591934981202706,0.016721431723220714,0.0,0.0,1.5627904375888997,0.0,0.017755564946936087
4,5,1.7503669882246626,0.02723150054331036,0.0,0.0,1.7518004852205349,0.0,0.029314429259569508
5,6,1.8809780414292987,0.037700199077975505,0.0,0.0,1.8819170509073766,0.0,0.04074913975709871
6,7,1.9574801606866656,0.04496042995992777,0.0,0.0,1.9571147390380486,0.0,0.04877768718854503
7,8,1.982177752811121,0.04809697062624574,0.0,0.0,1.981742799099164,0.0,0.0521639144261008
