,subsizes,<S>,<S^2>,<S>_typ,<S>_deg,<S>_all
0,1,0.6210863745552454,-1.6653345369377348e-16,0.0,,0.6210863745552454
1,2,1.2180261393811638,0.0006066678301419604,0.0,,1.2177285498737747
2,3,1.7404483615992663,0.00675673810203703,0.0,,1.7403293496925292
3,4,2.171540555952731,0.024334225317516278,0.0,,2.171986619185518
4,5,2.5027725202107045,0.050426227536274126,0.0,,2.5029226792751125
5,6,2.7322439581355025,0.076386707599025,0.0,,2.732672238844001
6,7,2.8689847188937567,0.09651277134391378,0.0,,2.869031891844041
7,8,2.9136013834739645,0.10369343816407905,0.0,,2.9135311321780173
