,subsizes,<S>,<S^2>,<S>_typ,<S>_deg,<S>_all,<S^2>_deg,<S^2>_all
0,1,0.3637780867303528,0.00472623201375702,0.0,0.058800379299833214,0.409586391504102,0.07267037448466705,0.040532549369824644
1,2,0.7166331060879778,0.01846996550064528,0.0,0.07117457855853522,0.7563222418696853,0.08482699996925484,0.022234786660147
2,3,0.9169413123621521,0.03006821443954244,0.0,0.0828270236154224,0.9668291566344642,0.10411369803091994,0.01508847343943398
3,4,1.0762686542275177,0.04140215623514032,0.0,0.0928208255443758,1.1184909491854242,0.12671226358853285,0.011973249315675893
4,5,1.191967253343381,0.05076254188523999,0.0,0.0995869653344346,1.2400121463648244,0.14518745503104233,0.010671339644072297
5,6,1.2692723925832796,0.05755826266089703,0.0,0.10495531263246681,1.3138570012947537,0.16166990304698106,0.010396399737037543
6,7,1.3170870675395059,0.061979819743226194,0.0,0.10629469549786257,1.363085033804024,0.16603377120731277,0.010447443914167964
7,8,1.3315392281397513,0.06335191726913658,0.0,0.10672865053128258,1.377738147439231,0.1674691955212994,0.010493297840328042
