,subsizes,<S>,<S^2>,<S>_typ,<S>_deg,<S>_all,<S^2>_deg,<S^2>_all
0,1,0.6853142072764583,4.336771749523276e-32,0.0,0.0,0.6853142072764583,0.0,4.2839513933349925e-32
1,2,1.3527930601372178,0.0005707343015702584,0.0,0.0,1.352792470853516,0.0,0.0005732135350648696
2,3,1.9522297109137194,0.005440370061281761,0.0,0.0,1.9523637876291458,0.0,0.005423157987418423
3,4,2.466111300050897,0.02113771207178556,0.0,0.0,2.4663814896059404,0.0,0.021096842266670284
4,5,2.8804462725011386,0.04852412270205995,0.0,0.0,2.8808852194044086,0.0,0.04847494617983165
5,6,3.1814213966932163,0.08071567337380328,0.0,0.0,3.1819361892218403,0.0,0.08066066855703914
6,7,3.364695736443194,0.10823958261192523,0.0,0.0,3.3653057483546167,0.0,0.10824193306237898
7,8,3.4260283567965533,0.11959077757387979,0.0,0.0,3.4266220315650573,0.0,0.11962325873401558
