,subsizes,<S>,<S^2>,<S>_typ,<S>_deg,<S>_all
0,1,0.6853142072764583,1.1102230246251565e-16,0.0,0.0,0.6853142072764583
1,2,1.3527930601372178,0.000613038924100584,0.0,0.0,1.352792470853516
2,3,1.9522297109137194,0.006127659443986744,0.0,0.0,1.9523637876291458
3,4,2.466111300050897,0.024002817067721338,0.0,0.0,2.4663814896059404
4,5,2.8804462725011386,0.05693123868306671,0.0,0.0,2.8808852194044086
5,6,3.1814213966932163,0.0971310642732881,0.0,0.0,3.1819361892218403
6,7,3.364695736443194,0.13309492711168147,0.0,0.0,3.3653057483546167
7,8,3.4260283567965533,0.14766425685927942,0.0,0.0,3.4266220315650573
