,subsizes,<S>,<S^2>,<S>_typ,<S>_deg,<S>_all
0,1,0.6210863745552454,-1.6653345369377348e-16,0.0,0.0,0.6210863745552454
1,2,1.2163442351414486,0.0008408656295557648,0.0,0.0,1.216110379437944
2,3,1.7359504795055003,0.007856732792835608,0.0,0.0,1.7350475519245983
3,4,2.1636363078859446,0.026624285372976786,0.0,0.0,2.1620714771905125
4,5,2.488531850835677,0.05345544470152497,0.0,0.0,2.48665403846955
5,6,2.7130693185609496,0.08046157629712969,0.0,0.0,2.71105932158466
6,7,2.845748570697739,0.10152453657044269,0.0,0.0,2.843467000184297
7,8,2.889227104230203,0.10929163509910111,0.0,0.0,2.8868990810004287
