,subsizes,<S>,<S^2>,<S>_typ,<S>_deg,<S>_all
0,1,0.6853142072764584,-1.1102230246251565e-16,0.0,0.0,0.6853142072764583
1,2,1.3527930601372178,0.000613038924100584,0.0,0.0,1.352792470853516
2,3,1.9522297109137194,0.006127659443987188,0.0,0.0,1.952363787629146
3,4,2.466111300050897,0.024002817067724003,0.0,0.0,2.466381489605941
4,5,2.880446272501139,0.05693123868307026,0.0,0.0,2.88088521940441
5,6,3.181421396693217,0.09713106427328277,0.0,0.0,3.1819361892218407
6,7,3.364695736443195,0.13309492711167614,0.0,0.0,3.3653057483546167
7,8,3.4260283567965537,0.14766425685927942,0.0,0.0,3.426622031565058
