,subsizes,<S>,<S^2>,<S>_typ,<S>_deg,<S>_all,<S^2>_deg,<S^2>_all
0,1,0.6615632381579821,5.551115123125783e-17,0.0,0.6615632381579821,0.6615632381579821,1.1102230246251565e-16,5.551115123125783e-17
1,2,1.299646968333819,0.0006413766583897029,0.0,1.3028606377780934,1.3003187697094836,0.000991916747321131,0.0007000947669630886
2,3,1.8625895356432716,0.006196886317222816,0.0,1.8676088776171598,1.8639620864298374,0.007678400125918028,0.006450361616612721
3,4,2.33412309314033,0.023696329929716597,0.0,2.355564234618788,2.3378319771629887,0.025788039011398922,0.024081659912581266
4,5,2.702765570592371,0.05277451831044022,0.0,2.738289854511914,2.7085900535007332,0.054417978106594767,0.05321381059447017
5,6,2.962331920752685,0.08530841881007767,0.0,3.010713743056998,2.970218011406798,0.08666043870419848,0.08596267351611075
6,7,3.1149511431784997,0.11160596088116037,0.0,3.1735067482077164,3.1244143403889257,0.11183237873436447,0.11238141059672913
7,8,3.1656824409871716,0.12197361328824563,0.0,3.225276269147247,3.175368052957238,0.118982173597173,0.1223600845395385
