,subsizes,<S>,<S^2>,<S>_typ,<S>_deg,<S>_all
0,1,0.4825775651770122,2.7755575615628914e-17,0.0,0.0,0.4825775651770122
1,2,0.931252049972362,0.001570419911633869,0.0,0.0,0.9320642606635582
2,3,1.2924821946691278,0.011287089395256578,0.0,0.0,1.293323717334569
3,4,1.5434266380531871,0.021770840930446678,0.0,0.0,1.5453462270627463
4,5,1.731230463842394,0.035081154290029115,0.0,0.0,1.7363585730434896
5,6,1.859224678119395,0.04805752209950054,0.0,0.0,1.866072941780009
6,7,1.9343522902234735,0.057015894414815804,0.0,0.0,1.9421372891502569
7,8,1.9588756689449172,0.06063353008198469,0.0,0.0,1.9664947564064261
