,subsizes,<S>,<S^2>,<S>_typ,<S>_deg,<S>_all,<S^2>_deg,<S^2>_all
0,1,0.48257756517701234,1.7842371384565065e-31,0.0,0.0,0.48257756517701234,,1.7279390618066482e-31
1,2,0.9348212384414867,0.0009616229126115521,0.0,0.0,0.9369478726846995,,0.0008964386269952362
2,3,1.3037393843006186,0.007278269023401404,0.0,0.0,1.3081069718149776,,0.0076731845521634985
3,4,1.5591934981202706,0.012176046826907042,0.0,0.0,1.5627904375888995,,0.01361707880123452
4,5,1.7503669882246626,0.01804186663043975,0.0,0.0,1.7518004852205349,,0.02067383663816306
5,6,1.8809780414292983,0.023361043389163515,0.0,0.0,1.8819170509073766,,0.026905947963534276
6,7,1.9574801606866656,0.026911792821571485,0.0,0.0,1.9571147390380483,,0.031086837179428263
7,8,1.982177752811121,0.02790190699002918,0.0,0.0,1.9817427990991632,,0.032481324972661076
