,subsizes,<S>,<S^2>,<S>_typ,<S>_deg,<S>_all
0,1,0.6853142072764583,5.551115123125783e-17,0.0,0.6853142072764584,0.6853142072764583
1,2,1.3480072574055766,0.0006646145992956765,0.0,1.3527362929142706,1.3496119004737486
2,3,1.9359739129482805,0.006390253014030733,0.0,1.9559976033538915,1.9426973385182267
3,4,2.4320078042956133,0.02428002498502213,0.0,2.480159770640358,2.448010191962258
4,5,2.8255217183888828,0.056777614032830215,0.0,2.909556890116453,2.853435480139889
5,6,3.1079424145175563,0.09618618096256526,0.0,3.226026515566836,3.1471978679701893
6,7,3.2776809494517347,0.13026122548188646,0.0,3.4221923598574313,3.325786773342888
7,8,3.333219840738818,0.14348016494022353,0.0,3.489173852071345,3.3850540150910247
