,subsizes,<S>,<S^2>,<S>_typ,<S>_deg,<S>_all
0,1,0.5623351446188085,0.0,0.0,0.0,0.5623351446188085
1,2,1.0994355037385173,0.0008256121415113338,0.0,0.0,1.0994355037385173
2,3,1.551831897720638,0.007896521107686905,0.0,0.0,1.551831897720638
3,4,1.9057623813062377,0.023238867936499208,0.0,0.0,1.9057623813062377
4,5,2.1593224371209176,0.04037013321757055,0.0,0.0,2.1593224371209176
5,6,2.334631206496162,0.057538939683979606,0.0,0.0,2.334631206496162
6,7,2.4359119855198395,0.06845322661317166,0.0,0.0,2.4359119855198395
7,8,2.4692329743488415,0.07205766170558192,0.0,0.0,2.4692329743488415
