,subsizes,<S>,<S^2>,<S>_typ,<S>_deg,<S>_all
0,1,0.5623351446188086,-1.6653345369377348e-16,0.0,0.0,0.5623351446188085
1,2,1.099569598000057,0.0008292049786584599,0.0,0.0,1.0994355037385173
2,3,1.5519454693715689,0.007980443942332993,0.0,0.0,1.551831897720638
3,4,1.9058194078444355,0.023507747506222643,0.0,0.0,1.9057623813062377
4,5,2.158773309026409,0.0407414095833154,0.0,0.0,2.1593224371209176
5,6,2.333819206616528,0.05800950883805367,0.0,0.0,2.334631206496162
6,7,2.4351304512249627,0.06917543654134661,0.0,0.0,2.4359119855198395
7,8,2.4685132089236665,0.07291835988775475,0.0,0.0,2.4692329743488415
