,subsizes,<S>,<S^2>,<S>_typ,<S>_deg,<S>_all
0,1,0.376770161256437,5.551115123125783e-17,0.0,0.025984149052168063,0.3897622357825211
1,2,0.7322236450923212,0.0003462923867445511,0.0,0.05073254756957206,0.7448666503704193
2,3,0.9485566946887962,0.0006284368851148248,0.0,0.07366154102834316,0.9989523541778949
3,4,1.1056494781817188,0.001305755279510823,0.0,0.09459113666640295,1.1590709550793366
4,5,1.2218655947824617,0.0020277362820779743,0.0,0.11202264814342615,1.2920339643007581
5,6,1.306264299885578,0.002669654216679973,0.0,0.1267415304195446,1.3897508421632792
6,7,1.3516604797740523,0.0030380171530841604,0.0,0.1353693026977476,1.4402154859626675
7,8,1.3662656780882523,0.0031969733472045903,0.0,0.1378023719033576,1.4576801277337492
