,subsizes,<S>,<S^2>,<S>_typ,<S>_deg,<S>_all,<S^2>_deg,<S^2>_all
0,1,0.6210863745552452,1.1102230246251565e-16,0.0,0.5046326793261368,0.6210863745552453,0.058766340240894444,-1.1102230246251565e-16
1,2,1.2179003700235225,0.0006112223618921497,0.0,0.9868011881950951,1.217761529883172,0.22551237726250284,0.000652868339540813
2,3,1.7401941456779433,0.0067656703413812025,0.0,1.413397956376645,1.7404203492180472,0.4671298198348093,0.006987529071591947
3,4,2.1710211763038623,0.024374410491868836,0.0,1.7659658042307786,2.1721612435809163,0.7365879598377871,0.0245546113818218
4,5,2.502124611877938,0.05048152625289948,0.0,2.0299085907518344,2.5030178121177875,0.9802312520024712,0.05010379733504333
5,6,2.7314766170848337,0.07648185987014156,0.0,2.2177908973893565,2.732484596783402,1.1751529707296609,0.07527235880623984
6,7,2.8681829545212,0.09660746875964499,0.0,2.3254462866622063,2.8687533417690627,1.2966217819931147,0.09463191018387107
7,8,2.9127615668053597,0.10380780066128104,0.0,2.361353208282983,2.9132527412554885,1.3385884395610317,0.10154969235214928
