,subsizes,<S>,<S^2>,<S>_typ,<S>_deg,<S>_all
0,1,0.4825775651770122,-2.7755575615628914e-17,0.0,0.0,0.4825775651770122
1,2,0.9320642606635583,0.0014905811335441665,0.0,0.0,0.9320642606635583
2,3,1.293323717334569,0.011236547144758635,0.0,0.0,1.293323717334569
3,4,1.545346227062746,0.021713907864501003,0.0,0.0,1.545346227062746
4,5,1.7363585730434894,0.034925191156824464,0.0,0.0,1.7363585730434894
5,6,1.8660729417800086,0.04809453454719392,0.0,0.0,1.8660729417800086
6,7,1.9421372891502569,0.05688082986037424,0.0,0.0,1.9421372891502569
7,8,1.9664947564064257,0.06036415941903828,0.0,0.0,1.9664947564064257
