,subsizes,<S>,<S^2>,<S>_typ,<S>_deg,<S>_all,<S^2>_deg,<S^2>_all
0,1,0.6931471805599455,-3.3306690738754696e-16,0.0,0.5449849510556399,0.6931471805599455,0.0807461853946983,-3.3306690738754696e-16
1,2,1.3792019143020529,7.916645989869409e-05,0.0,1.0868201296739672,1.379396591008992,0.3211360287391394,7.610539158497964e-05
2,3,2.0093979755618503,0.0026913104186832015,0.0,1.5795936989777155,2.0097042363835333,0.680452638432453,0.0026769529444914397
3,4,2.5654306375423133,0.013779765665167254,0.0,2.024254041739643,2.5665993574784216,1.1247446673641077,0.01363166770327684
4,5,3.0327248992773934,0.03687213455339666,0.0,2.3922512835318135,3.034595122110427,1.5805932441158435,0.03620281923187996
5,6,3.387724184555633,0.06766927330443018,0.0,2.6707621355515134,3.3902417753030085,1.9797317328837911,0.06625475983229911
6,7,3.615394429154865,0.09825640900021071,0.0,2.8447567697434017,3.6182226446962775,2.2515917088005057,0.09589373701766135
7,8,3.691704233948343,0.11024034522738724,0.0,2.9052102192493474,3.694637145796697,2.3508595930085345,0.10746613334357313
