,subsizes,<S>,<S^2>,<S>_typ,<S>_deg,<S>_all
0,1,,,0.0,0.025984149052168056,
1,2,,,0.0,0.05073254756957206,
2,3,,,0.0,0.07372579525414287,
3,4,,,0.0,0.09361349253707645,
4,5,,,0.0,0.1080390380654638,
5,6,,,0.0,0.11926723686559954,
6,7,,,0.0,0.12496666251116395,
7,8,,,0.0,0.1268595091590265,
