,subsizes,<S>,<S^2>,<S>_typ,<S>_deg,<S>_all
0,1,0.48257756517701234,0.0,0.0,,0.48257756517701234
1,2,0.9348212384414867,0.0010517589033598451,0.0,,0.9369478726846995
2,3,1.3037393843006186,0.008879412693216793,0.0,,1.3081069718149776
3,4,1.5591934981202706,0.016721431723220714,0.0,,1.5627904375888995
4,5,1.7503669882246626,0.027231500543309917,0.0,,1.7518004852205349
5,6,1.8809780414292983,0.037700199077977725,0.0,,1.8819170509073766
6,7,1.9574801606866656,0.04496042995992777,0.0,,1.9571147390380483
7,8,1.982177752811121,0.04809697062624485,0.0,,1.9817427990991632
