,subsizes,<S>,<S^2>,<S>_typ,<S>_deg,<S>_all,<S^2>_deg,<S^2>_all
0,1,0.36377808673035306,0.004726232013757076,0.0,0.058800379299833214,0.4095863915041023,0.07267037448466705,0.04053254936982448
1,2,0.7166331060879779,0.01846996550064528,0.0,0.07117457855853522,0.7563222418696853,0.08482699996925484,0.022234786660147
2,3,0.916941312362152,0.030068214439542662,0.0,0.0828270236154224,0.9668291566344643,0.10411369803091994,0.015088473439433647
3,4,1.0762686542275177,0.0414021562351401,0.0,0.0928208255443758,1.1184909491854242,0.12671226358853285,0.011973249315675893
4,5,1.1919672533433807,0.05076254188524021,0.0,0.0995869653344346,1.2400121463648242,0.14518745503104233,0.010671339644072297
5,6,1.2692723925832796,0.05755826266089681,0.0,0.10495531263246681,1.3138570012947535,0.16166990304698106,0.010396399737037987
6,7,1.3170870675395057,0.061979819743226416,0.0,0.10629469549786257,1.363085033804024,0.1660337712073128,0.010447443914167742
7,8,1.3315392281397511,0.0633519172691368,0.0,0.10672865053128258,1.3777381474392305,0.1674691955212994,0.01049329784032893
