,subsizes,<S>,<S^2>,<S>_typ,<S>_deg,<S>_all
0,1,0.661563238157982,2.220446049250313e-16,0.0,0.0,0.661563238157982
1,2,1.3012940099507713,0.0007213425256931139,0.0,0.0,1.3012940099507713
2,3,1.8662123336887173,0.006659337793622377,0.0,0.0,1.8662123336887173
3,4,2.342074844180872,0.02481388838179832,0.0,0.0,2.342074844180872
4,5,2.7139462326125914,0.054133075523484564,0.0,0.0,2.7139462326125914
5,6,2.9754563890043584,0.08656110877437939,0.0,0.0,2.9754563890043584
6,7,3.1299112362049084,0.11293645902520844,0.0,0.0,3.1299112362049084
7,8,3.180663902188898,0.12275216759629437,0.0,0.0,3.180663902188898
