,subsizes,<S>,<S^2>,<S>_typ,<S>_deg,<S>_all
0,1,0.661563238157982,2.220446049250313e-16,0.0,0.0,0.661563238157982
1,2,1.3012940099507713,0.0007213425256931139,0.0,0.0,1.3012940099507713
2,3,1.8662123336887173,0.006659337793621933,0.0,0.0,1.8662123336887173
3,4,2.342074844180872,0.024813888381796545,0.0,0.0,2.342074844180872
4,5,2.7139462326125914,0.054133075523484564,0.0,0.0,2.7139462326125914
5,6,2.9754563890043575,0.08656110877438472,0.0,0.0,2.9754563890043575
6,7,3.1299112362049075,0.11293645902521199,0.0,0.0,3.1299112362049075
7,8,3.1806639021888974,0.12275216759629437,0.0,0.0,3.1806639021888974
