,subsizes,<S>,<S^2>,<S>_typ,<S>_deg,<S>_all
0,1,0.5623351446188085,5.551115123125783e-17,0.0,,0.5623351446188084
1,2,1.099087755863183,0.0008726163445564872,0.0,,1.1007078720937327
2,3,1.550500585664379,0.00822465079638679,0.0,,1.554157441430884
3,4,1.9065422354771013,0.024483270761295195,0.0,,1.9103789080711497
4,5,2.160508870671639,0.04189785148719327,0.0,,2.1654902456427094
5,6,2.3358113689971187,0.059171435299064434,0.0,,2.342261015407837
6,7,2.4367918252825373,0.0696237678349183,0.0,,2.4440167737048113
7,8,2.4701160651041025,0.07296128137079094,0.0,,2.477351293122869
