,subsizes,<S>,<S^2>,<S>_typ,<S>_deg,<S>_all,<S^2>_deg,<S^2>_all
0,1,0.5623351446188085,6.008826135227421e-32,0.0,0.1050516204232939,0.5623351446188084,,5.822576279637927e-32
1,2,1.099087755863183,0.0006445323142547414,0.0,0.20896099943516439,1.1007078720937327,,0.0006218323520815965
2,3,1.550500585664379,0.00714746326066313,0.0,0.3009867771310136,1.554157441430884,,0.006969209805738691
3,4,1.9065422354771013,0.02003778833596534,0.0,0.3704998219391026,1.9103789080711497,,0.019639106582299906
4,5,2.160508870671639,0.031485195078859614,0.0,0.42412772761282946,2.1654902456427094,,0.031126059230040255
5,6,2.3358113689971187,0.0423838584248318,0.0,0.46209924097651495,2.342261015407837,,0.04224830528398344
6,7,2.4367918252825373,0.0492847041730813,0.0,0.48477383276091995,2.4440167737048113,,0.04956675683308582
7,8,2.4701160651041025,0.0518188557938467,0.0,0.4922990062275453,2.477351293122869,,0.05222862400558204
