,subsizes,<S>,<S^2>,<S>_typ,<S>_deg,<S>_all
0,1,0.6210863745552452,1.1102230246251565e-16,0.0,,0.6210863745552453
1,2,1.2179003700235225,0.0006112223618921497,0.0,,1.217761529883172
2,3,1.7401941456779433,0.0067656703413812025,0.0,,1.7404203492180472
3,4,2.1710211763038623,0.024374410491868836,0.0,,2.1721612435809163
4,5,2.502124611877938,0.05048152625289948,0.0,,2.5030178121177875
5,6,2.7314766170848337,0.07648185987014156,0.0,,2.732484596783402
6,7,2.8681829545212,0.09660746875964499,0.0,,2.8687533417690627
7,8,2.9127615668053597,0.10380780066128104,0.0,,2.9132527412554885
