,subsizes,<S>,<S^2>,<S>_typ,<S>_deg,<S>_all
0,1,0.6853142072764583,1.1102230246251565e-16,0.0,0.0,0.6853142072764583
1,2,1.352792470853516,0.0006157015898908824,0.0,0.0,1.352792470853516
2,3,1.952363787629146,0.006116669883219128,0.0,0.0,1.952363787629146
3,4,2.466381489605941,0.0239924497010211,0.0,0.0,2.466381489605941
4,5,2.88088521940441,0.05695421006932477,0.0,0.0,2.88088521940441
5,6,3.1819361892218407,0.09719392362006474,0.0,0.0,3.1819361892218407
6,7,3.3653057483546167,0.1332329317429597,0.0,0.0,3.3653057483546167
7,8,3.426622031565058,0.14783684453586332,0.0,0.0,3.426622031565058
