,subsizes,<S>,<S^2>,<S>_typ,<S>_deg,<S>_all
0,1,0.5623351446188085,0.0,0.0,0.0,0.5623351446188085
1,2,1.0994355037385173,0.0008256121415111117,0.0,0.0,1.0994355037385173
2,3,1.5518318977206382,0.00789652110768646,0.0,0.0,1.5518318977206382
3,4,1.9057623813062377,0.023238867936500096,0.0,0.0,1.9057623813062377
4,5,2.1593224371209176,0.04037013321756966,0.0,0.0,2.1593224371209176
5,6,2.334631206496162,0.057538939683980495,0.0,0.0,2.334631206496162
6,7,2.435911985519839,0.06845322661317432,0.0,0.0,2.435911985519839
7,8,2.4692329743488415,0.0720576617055837,0.0,0.0,2.4692329743488415
