,subsizes,<S>,<S^2>,<S>_typ,<S>_deg,<S>_all
0,1,0.6931471805599455,-3.3306690738754696e-16,0.0,0.0,0.6931471805599455
1,2,1.3792191184132094,8.328084004549652e-05,0.0,0.0,1.3792191184132094
2,3,2.0097082457755886,0.0026858958182103265,0.0,0.0,2.0097082457755886
3,4,2.5662128789860486,0.013861632596670503,0.0,0.0,2.5662128789860486
4,5,3.033212610584836,0.037111164075913194,0.0,0.0,3.033212610584836
5,6,3.386648357488528,0.06808363147165686,0.0,0.0,3.386648357488528
6,7,3.612591949060117,0.09881920547603151,0.0,0.0,3.612591949060117
7,8,3.6881763599468487,0.11097432352646486,0.0,0.0,3.6881763599468487
