,subsizes,<S>,<S^2>,<S>_typ,<S>_deg,<S>_all,<S^2>_deg,<S^2>_all
0,1,0.5623351446188084,7.414620057873563e-32,0.0,0.0,0.5623351446188085,0.0,7.622847581884141e-32
1,2,1.099569598000057,0.0006262792540276689,0.0,0.0,1.0994355037385173,0.0,0.0006063236278661677
2,3,1.5519454693715686,0.006875529240745899,0.0,0.0,1.5518318977206382,0.0,0.00672632196159185
3,4,1.9058194078444357,0.019073472226830913,0.0,0.0,1.9057623813062377,0.0,0.01860604801728502
4,5,2.1587733090264094,0.030165546797699838,0.0,0.0,2.1593224371209176,0.0,0.029254033094867373
5,6,2.333819206616528,0.04099167805258541,0.0,0.0,2.334631206496162,0.0,0.039627430855185435
6,7,2.4351304512249627,0.04816514583075055,0.0,0.0,2.435911985519839,0.0,0.046363498259192275
7,8,2.4685132089236665,0.05077177202837248,0.0,0.0,2.4692329743488415,0.0,0.04884109758849415
