,subsizes,<S>,<S^2>,<S>_typ,<S>_deg,<S>_all
0,1,0.4825775651770122,2.7755575615628914e-17,0.0,0.0,0.4825775651770122
1,2,0.9320642606635582,0.0014905811335442776,0.0,0.0,0.9320642606635582
2,3,1.293323717334569,0.011236547144758413,0.0,0.0,1.293323717334569
3,4,1.5453462270627463,0.021713907864501447,0.0,0.0,1.5453462270627463
4,5,1.7363585730434896,0.03492519115682491,0.0,0.0,1.7363585730434896
5,6,1.866072941780009,0.048094534547193035,0.0,0.0,1.866072941780009
6,7,1.9421372891502569,0.056880829860375126,0.0,0.0,1.9421372891502569
7,8,1.9664947564064261,0.06036415941903872,0.0,0.0,1.9664947564064261
