,subsizes,<S>,<S^2>,<S>_typ,<S>_deg,<S>_all
0,1,0.5623351446188086,0.0,0.0,,0.5623351446188087
1,2,1.0990877558631829,0.0008726163445567092,0.0,,1.100701852596707
2,3,1.550500585664379,0.008224650796387234,0.0,,1.5541484071831235
3,4,1.9065422354771013,0.024483270761295195,0.0,,1.9103005806959588
4,5,2.1605088706716384,0.041897851487195936,0.0,,2.1652305931606546
5,6,2.335811368997119,0.05917143529906266,0.0,,2.341882337824882
6,7,2.4367918252825373,0.06962376783491919,0.0,,2.4434561782970543
7,8,2.470116065104103,0.07296128137079005,0.0,,2.4767852495962437
