,subsizes,<S>,<S^2>,<S>_typ,<S>_deg,<S>_all
0,1,0.6931471805599455,-3.3306690738754696e-16,0.0,,0.6931471805599455
1,2,1.3792019143020529,7.916645989869409e-05,0.0,,1.379396591008992
2,3,2.0093979755618503,0.0026913104186832015,0.0,,2.0097042363835333
3,4,2.5654306375423133,0.013779765665167254,0.0,,2.5665993574784216
4,5,3.0327248992773934,0.03687213455339666,0.0,,3.034595122110427
5,6,3.387724184555633,0.06766927330443018,0.0,,3.3902417753030085
6,7,3.615394429154865,0.09825640900021071,0.0,,3.6182226446962775
7,8,3.691704233948343,0.11024034522738724,0.0,,3.694637145796697
