,subsizes,<S>,<S^2>,<S>_typ,<S>_deg,<S>_all,<S^2>_deg,<S^2>_all
0,1,0.6210863745552454,-1.6653345369377348e-16,0.0,0.5046326793261369,0.6210863745552454,0.05876634024089439,-1.1102230246251565e-16
1,2,1.2180261393811638,0.0006066678301419604,0.0,0.9857060868124116,1.2177285498737747,0.22515739344337005,0.0006742899782199441
2,3,1.7404483615992663,0.00675673810203703,0.0,1.4110113951986119,1.7403293496925292,0.4661943083600988,0.00709909508155393
3,4,2.171540555952731,0.024334225317516278,0.0,1.762892863315938,2.171986619185518,0.7362935919626143,0.024905747224065244
4,5,2.5027725202107045,0.050426227536274126,0.0,2.0279007045541846,2.5029226792751125,0.9829608667649277,0.050852238847900466
5,6,2.7322439581355025,0.076386707599025,0.0,2.217978996058084,2.732672238844001,1.1831923566282452,0.07648241822406643
6,7,2.8689847188937567,0.09651277134391378,0.0,2.3272576414127593,2.869031891844041,1.308314278297833,0.09615631023434545
7,8,2.9136013834739645,0.10369343816407905,0.0,2.3625563083132874,2.9135311321780173,1.3504612979251025,0.10318466398308423
