,subsizes,<S>,<S^2>,<S>_typ,<S>_deg,<S>_all,<S^2>_deg,<S^2>_all
0,1,0.5623351446188085,5.551115123125783e-17,0.0,0.1050516204232939,0.5623351446188084,0.048038375209613335,1.1102230246251565e-16
1,2,1.099087755863183,0.0008726163445564872,0.0,0.20896099943516439,1.1007078720937327,0.19007481927632464,0.0007912812817982839
2,3,1.550500585664379,0.00822465079638679,0.0,0.3009867771310136,1.554157441430884,0.39448681038032357,0.007824308092531762
3,4,1.9065422354771013,0.024483270761295195,0.0,0.3704998219391026,1.9103789080711497,0.5980163186100312,0.02329255434500288
4,5,2.160508870671639,0.04189785148719327,0.0,0.42412772761282946,2.1654902456427094,0.784375363931481,0.0401300437359744
5,6,2.3358113689971187,0.059171435299064434,0.0,0.46209924097651495,2.342261015407837,0.9321564351454077,0.056888421258059374
6,7,2.4367918252825373,0.0696237678349183,0.0,0.48477383276091995,2.4440167737048113,1.0265140514063298,0.06739942208359828
7,8,2.4701160651041025,0.07296128137079094,0.0,0.4922990062275453,2.477351293122869,1.0591143627780921,0.0708869877597289
