,subsizes,<S>,<S^2>,<S>_typ,<S>_deg,<S>_all
0,1,0.37677016125643703,-5.551115123125783e-17,0.0,0.025984149052168056,0.38976223578252106
1,2,0.7182834480393441,0.00016999859994404343,0.0,0.05073254756957206,0.7448666503704192
2,3,0.9557170015581704,0.000641184654795568,0.0,0.07279086796653214,0.9989523541778947
3,4,1.0999193559681293,0.0011931867796755036,0.0,0.09000664634126486,1.1590709550793366
4,5,1.2198703741893049,0.0020267018793724834,0.0,0.0996634913663022,1.2920339643007581
5,6,1.306405573210208,0.002662057398917561,0.0,0.10695026169043798,1.3897508421632792
6,7,1.349806064482856,0.0029890414834334855,0.0,0.10939341432385216,1.4402154859626675
7,8,1.364463585536679,0.003181543921316088,0.0,0.1101882464581796,1.4576801277337494
