,subsizes,<S>,<S^2>,<S>_typ,<S>_deg,<S>_all
0,1,0.4825775651770122,-2.7755575615628914e-17,0.0,0.0,0.4825775651770122
1,2,0.931252049972362,0.001570419911633869,0.0,0.0,0.9320642606635583
2,3,1.2924821946691274,0.011287089395257688,0.0,0.0,1.293323717334569
3,4,1.5434266380531871,0.02177084093044579,0.0,0.0,1.545346227062746
4,5,1.7312304638423939,0.03508115429003,0.0,0.0,1.7363585730434894
5,6,1.8592246781193946,0.04805752209950098,0.0,0.0,1.8660729417800086
6,7,1.9343522902234733,0.057015894414814916,0.0,0.0,1.9421372891502569
7,8,1.9588756689449172,0.06063353008198291,0.0,0.0,1.9664947564064257
