,subsizes,<S>,<S^2>,<S>_typ,<S>_deg,<S>_all
0,1,0.6210863745552454,-1.6653345369377348e-16,0.0,0.0,0.6210863745552454
1,2,1.2163442351414484,0.000840865629556431,0.0,0.0,1.216110379437944
2,3,1.7359504795055005,0.007856732792833832,0.0,0.0,1.7350475519245985
3,4,2.1636363078859446,0.026624285372976786,0.0,0.0,2.1620714771905125
4,5,2.488531850835677,0.053455444701525856,0.0,0.0,2.48665403846955
5,6,2.71306931856095,0.08046157629712791,0.0,0.0,2.71105932158466
6,7,2.8457485706977397,0.10152453657043914,0.0,0.0,2.843467000184297
7,8,2.889227104230203,0.10929163509910289,0.0,0.0,2.886899081000429
