,subsizes,<S>,<S^2>,<S>_typ,<S>_deg,<S>_all,<S^2>_deg,<S^2>_all
0,1,0.6853142072764584,-1.6653345369377348e-16,0.0,0.6853142072764584,0.6853142072764583,-1.1102230246251565e-16,5.551115123125783e-17
1,2,1.3479780560217476,0.000662263356841164,0.0,1.3527473819684677,1.3495945158276212,0.0004032221900009958,0.0005781041722259239
2,3,1.9357246531869825,0.006352610027811512,0.0,1.956260743627306,1.9426720205670387,0.004670539132912488,0.005874024729134675
3,4,2.43167975408387,0.024145360678133443,0.0,2.480455241956578,2.447974086976128,0.019269332415754015,0.023037573257179034
4,5,2.825245658080938,0.056532668769491146,0.0,2.9099433482535377,2.8534449269422177,0.046656326479531884,0.05489208697432524
5,6,3.1078437381930923,0.09595824740555337,0.0,3.226246282861994,3.147273071682241,0.07999910267343857,0.09391700446368922
6,7,3.277631912110294,0.1301133352532613,0.0,3.4223828768168194,3.3259615454252365,0.11137363169969028,0.12881497069408354
7,8,3.3331887370019317,0.14337859472056635,0.0,3.4892582611595024,3.3852666647020735,0.1239523943345251,0.14264070376677473
