,subsizes,<S>,<S^2>,<S>_typ,<S>_deg,<S>_all,<S^2>_deg,<S^2>_all
0,1,0.6853142072764583,5.551115123125783e-17,0.0,0.6853142072764584,0.6853142072764583,-1.1102230246251565e-16,1.1102230246251565e-16
1,2,1.3480072574055766,0.0006646145992956765,0.0,1.3527362929142706,1.3496119004737486,0.0004194138587687579,0.0005834033259675131
2,3,1.9359739129482805,0.006390253014030733,0.0,1.9559976033538915,1.9426973385182267,0.004663280039836071,0.005894224357426481
3,4,2.4320078042956133,0.02428002498502213,0.0,2.480159770640358,2.448010191962258,0.019165289374970307,0.023084348990658476
4,5,2.8255217183888828,0.056777614032830215,0.0,2.909556890116453,2.853435480139889,0.04623546361651165,0.054921337157010086
5,6,3.1079424145175563,0.09618618096256526,0.0,3.226026515566836,3.1471978679701893,0.07921744266488595,0.09383230112689134
6,7,3.2776809494517347,0.13026122548188646,0.0,3.4221923598574313,3.325786773342888,0.11013599986602784,0.12852587352343647
7,8,3.333219840738818,0.14348016494022353,0.0,3.489173852071345,3.3850540150910247,0.12261263075485829,0.14227732763421486
