,subsizes,<S>,<S^2>,<S>_typ,<S>_deg,<S>_all
0,1,0.6853142072764583,1.1102230246251565e-16,0.0,0.0,0.6853142072764583
1,2,1.352792470853516,0.0006157015898908824,0.0,0.0,1.352792470853516
2,3,1.9523637876291458,0.006116669883218684,0.0,0.0,1.9523637876291458
3,4,2.4663814896059404,0.023992449701020213,0.0,0.0,2.4663814896059404
4,5,2.8808852194044086,0.05695421006932655,0.0,0.0,2.8808852194044086
5,6,3.1819361892218403,0.09719392362006651,0.0,0.0,3.1819361892218403
6,7,3.3653057483546167,0.13323293174295792,0.0,0.0,3.3653057483546167
7,8,3.4266220315650573,0.14783684453586332,0.0,0.0,3.4266220315650573
