,subsizes,<S>,<S^2>,<S>_typ,<S>_deg,<S>_all
0,1,0.6931471805599455,-3.3306690738754696e-16,0.0,0.0,0.6931471805599455
1,2,1.3792356038174973,8.336776246276045e-05,0.0,0.0,1.3792191184132094
2,3,2.009360765499585,0.002712676395275615,0.0,0.0,2.0097082457755886
3,4,2.5652794067546636,0.013969217887340513,0.0,0.0,2.5662128789860486
4,5,3.031825840555092,0.03731190652231575,0.0,0.0,3.033212610584836
5,6,3.3850062935077814,0.06840897264743262,0.0,0.0,3.386648357488528
6,7,3.610798097251352,0.09927231270005699,0.0,0.0,3.612591949060117
7,8,3.6862988426915995,0.11152297922522081,0.0,0.0,3.6881763599468487
