,subsizes,<S>,<S^2>,<S>_typ,<S>_deg,<S>_all
0,1,0.6608400774855129,0.0020915178474921747,0.0,0.6483087588388641,0.6608876573354573
1,2,1.266825006372578,0.012068232902235687,0.0,1.251715632081264,1.2687207172729273
2,3,1.802931080309795,0.03714940915609377,0.0,1.7921737219807528,1.8077477957691266
3,4,2.254474175191469,0.081425198380769,0.0,2.2567800338659025,2.2635819186545105
4,5,2.615840849310953,0.14362346300703344,0.0,2.6365963473633705,2.629894228784537
5,6,2.8786678059002937,0.21174425642244366,0.0,2.9212204313562067,2.8976891714083735
6,7,3.039312544406044,0.26807558227126016,0.0,3.09987377406072,3.0620880027123896
7,8,3.09266773119389,0.2896307671795437,0.0,3.1609823248821254,3.117037442157082
