,subsizes,<S>,<S^2>,<S>_typ
0,1,0.6608400774855129,0.0020915178474922302,0.0
1,2,1.2695432499883763,0.01226260779638877,0.0
2,3,1.8101773323763601,0.03808730226179957,0.0
3,4,2.2677525264317495,0.08374754213857027,0.0
4,5,2.6355359147015065,0.1477464456068418,0.0
5,6,2.9041520238027263,0.21770237349210397,0.0
6,7,3.068860215222831,0.2754135004868701,0.0
7,8,3.123801508906223,0.29760334375719033,0.0
