,subsizes,<S>,<S^2>,<S>_typ
0,1,0.6608400774855129,0.0020915178474921747,0.0
1,2,1.266825006372578,0.012068232902235687,0.0
2,3,1.802931080309795,0.03714940915609377,0.0
3,4,2.254474175191469,0.081425198380769,0.0
4,5,2.615840849310953,0.14362346300703344,0.0
5,6,2.8786678059002937,0.21174425642244366,0.0
6,7,3.039312544406044,0.26807558227126016,0.0
7,8,3.09266773119389,0.2896307671795437,0.0
