,subsizes,<S>,<S^2>,<S>_typ,<S>_deg,<S>_all
0,1,0.376770161256437,0.0,0.0,0.025984149052168056,0.38976223578252106
1,2,0.676584567313921,0.0032971402937818084,0.0,0.05073254756957206,0.7031677696449962
2,3,0.8882304194397408,0.006795618522071667,0.0,0.07279086796653214,0.9311541296302615
3,4,1.0472962864516682,0.010343260549466438,0.0,0.09000664634126486,1.105245603497605
4,5,1.1646073371513155,0.01369225336514801,0.0,0.0996634913663022,1.234660307372926
5,6,1.2457266962316822,0.016702302210101383,0.0,0.10695026169043798,1.3257181001030396
6,7,1.2937203386777671,0.019056472149028725,0.0,0.1093934143238522,1.379473475795776
7,8,1.309686689123927,0.020083766044996842,0.0,0.1101882464581796,1.3977634033123254
