,subsizes,<S>,<S^2>,<S>_typ,<S>_deg,<S>_all
0,1,0.4825775651770122,-2.7755575615628914e-17,0.0,0.04222553695298856,0.4825775651770122
1,2,0.8975269337748196,0.0036294040151175766,0.0,0.08141995659816782,0.8974479017364813
2,3,1.2297060196438279,0.014692495902742797,0.0,0.11395507719598026,1.22903571138909
3,4,1.4806059956109974,0.02838214920371218,0.0,0.14101318670381174,1.4792512886627363
4,5,1.6667280596216334,0.04336886789697436,0.0,0.16274292483217215,1.6648369910666427
5,6,1.7956828157527056,0.057621497562479806,0.0,0.1784563170734428,1.79329037893488
6,7,1.871476926460083,0.0679155268312952,0.0,0.18744188130303036,1.8687617463785504
7,8,1.8965815510575976,0.07196515268277404,0.0,0.19065222389729758,1.8937473783993612
