,subsizes,<S>,<S^2>,<S>_typ
0,1,0.5623351446188084,-5.551115123125783e-17,0.0
1,2,1.0622327215124732,0.003289090531317873,0.0
2,3,1.4827953832790226,0.015755479965820385,0.0
3,4,1.8156738393752325,0.03693552774906905,0.0
4,5,2.063457068895928,0.061599857368040745,0.0
5,6,2.234829370278106,0.08494026449645986,0.0
6,7,2.335337493602614,0.10204971179745215,0.0
7,8,2.3683259645723114,0.1083829674683594,0.0
