,subsizes,<S>,<S^2>,<S>_typ,<S>_deg,<S>_all
0,1,0.6210863745552455,-2.7755575615628914e-16,0.0,0.6210863745552453,0.6210863745552453
1,2,1.1845811574378502,0.002900522036044517,0.0,1.1769034672958703,1.1848600379280654
2,3,1.6752081049144032,0.014615852168661903,0.0,1.6615928050731472,1.6758674277211927
3,4,2.0800108563193933,0.03794727808914544,0.0,2.067187560625704,2.0816427337693484
4,5,2.3951374710968567,0.07033159718929127,0.0,2.389853838999951,2.398252856664212
5,6,2.6173115173151227,0.10359714005899523,0.0,2.625316546907977,2.6222819315031307
6,7,2.7497244688571523,0.1296989239415982,0.0,2.7695497322693012,2.7561829936728515
7,8,2.793478016290355,0.13995694296753047,0.0,2.8174084271926403,2.800557665965567
