,subsizes,<S>,<S^2>,<S>_typ
0,1,0.37677016125643686,2.7755575615628914e-17,0.0
1,2,0.676584567313921,0.0032971402937818084,0.0
2,3,0.8882304194397406,0.006795618522072111,0.0
3,4,1.0472962864516682,0.010343260549466438,0.0
4,5,1.1646073371513155,0.013692253365148677,0.0
5,6,1.2457266962316822,0.016702302210101383,0.0
6,7,1.2937203386777671,0.01905647214902917,0.0
7,8,1.309686689123927,0.020083766044997287,0.0
