,subsizes,<S>,<S^2>,<S>_typ,<S>_deg,<S>_all,<S^2>_deg,<S^2>_all
0,1,0.6931471805599455,-2.7755575615628914e-16,0.0,0.6747817424425451,0.6931471805599455,0.012392662333580051,-3.3306690738754696e-16
1,2,1.346355201477313,0.0021841743173534045,0.0,1.3147110943432871,1.3465794581814587,0.04840229207920621,0.0021412547279366922
2,3,1.9451878119484796,0.010787363663396832,0.0,1.9065192419087973,1.9459154054421355,0.10510917657989172,0.010552468377567514
3,4,2.4716564965109273,0.02960393120226179,0.0,2.43237721921947,2.4731438604264535,0.17614332250825537,0.02887750987794746
4,5,2.914683817539638,0.0612654670161632,0.0,2.8859785706400403,2.917456308769114,0.2559293612290823,0.05972292575775384
5,6,3.2534942800081477,0.10157749149589712,0.0,3.248548420016731,3.258122261678393,0.33611858422685437,0.0992215451060634
6,7,3.471279708486658,0.14030098926138201,0.0,3.490771698665241,3.477641466234607,0.40202446717104223,0.13743568256895955
7,8,3.545379842376763,0.15601938175888108,0.0,3.577885663577896,3.5525927959499692,0.4295071553679932,0.15313060677833512
