,subsizes,<S>,<S^2>,<S>_typ
0,1,0.661563238157982,2.7755575615628914e-16,0.0
1,2,1.2653506030327346,0.0029419709538458516,0.0
2,3,1.7959314808312707,0.01484940851394212,0.0
3,4,2.2383052872368023,0.03990355964925296,0.0
4,5,2.586837473116284,0.07762259651903669,0.0
5,6,2.8352481028743752,0.11929605596375836,0.0
6,7,2.9834528744520195,0.15296255686610927,0.0
7,8,3.0325684348229207,0.1660055261089255,0.0
