,subsizes,<S>,<S^2>,<S>_typ
0,1,0.6210863745552455,-2.7755575615628914e-16,0.0
1,2,1.1845811574378502,0.002900522036044517,0.0
2,3,1.6752081049144032,0.014615852168661903,0.0
3,4,2.0800108563193933,0.03794727808914544,0.0
4,5,2.3951374710968567,0.07033159718929127,0.0
5,6,2.6173115173151227,0.10359714005899523,0.0
6,7,2.7497244688571523,0.1296989239415982,0.0
7,8,2.793478016290355,0.13995694296753047,0.0
