,subsizes,<S>,<S^2>,<S>_typ
0,1,0.3767701612564371,0.0,0.0
1,2,0.6765668286311303,0.0032637284986847814,0.0
2,3,0.887990354348863,0.006765516541842542,0.0
3,4,1.0467382635561397,0.010354557569553835,0.0
4,5,1.1636904473400913,0.013763387015439,0.0
5,6,1.244489396731579,0.016831234807832773,0.0
6,7,1.2922792360147985,0.019221082949733015,0.0
7,8,1.3081765324557815,0.02025309019233279,0.0
