,subsizes,<S>,<S^2>,<S>_typ
0,1,0.661563238157982,2.7755575615628914e-16,0.0
1,2,1.265459837884368,0.0029371270833740137,0.0
2,3,1.7961530422084555,0.014838613341634943,0.0
3,4,2.2385974061351153,0.03988299954884056,0.0
4,5,2.587169128934136,0.07760750848901488,0.0
5,6,2.8355810358952063,0.11928657129563369,0.0
6,7,2.9837502878888196,0.15291211079296652,0.0
7,8,3.0328574363576286,0.16593619452363484,0.0
