,subsizes,<S>,<S^2>,<S>_typ
0,1,0.376770161256437,0.0,0.0
1,2,0.676584567313921,0.0032971402937818084,0.0
2,3,0.8882304194397408,0.006795618522071667,0.0
3,4,1.0472962864516682,0.010343260549466438,0.0
4,5,1.1646073371513155,0.01369225336514801,0.0
5,6,1.2457266962316822,0.016702302210101383,0.0
6,7,1.2937203386777671,0.019056472149028725,0.0
7,8,1.309686689123927,0.020083766044996842,0.0
