,subsizes,<S>,<S^2>,<S>_typ,<S>_deg,<S>_all
0,1,0.5623351446188084,1.6653345369377348e-16,0.0,0.5623351446188085,0.5623351446188085
1,2,1.0622327215124732,0.003289090531317873,0.0,1.0753578539328563,1.0626914142280304
2,3,1.4827953832790226,0.015755479965820385,0.0,1.5138285903031614,1.4838743553384817
3,4,1.8156738393752323,0.03693552774906905,0.0,1.8659827933826356,1.8174251052472175
4,5,2.063457068895928,0.061599857368039856,0.0,2.136430155457129,2.0659970378926618
5,6,2.234829370278106,0.08494026449645897,0.0,2.329712568015298,2.2381339047965305
6,7,2.335337493602614,0.10204971179745215,0.0,2.444329408703246,2.339134174579322
7,8,2.3683259645723114,0.1083829674683594,0.0,2.4830863394711518,2.3723226303964084
