,subsizes,<S>,<S^2>,<S>_typ,<S>_deg,<S>_all
0,1,0.6210863745552453,0.0,0.0,0.6210863745552452,0.6210863745552453
1,2,1.1845032690936534,0.002908840140153579,0.0,1.195254662865639,1.1849218124749703
2,3,1.6750132528908135,0.014664153569522664,0.0,1.7013257319451986,1.6762795780507647
3,4,2.0797224842800484,0.03807310491367488,0.0,2.12638749519484,2.0826316441541453
4,5,2.394788322955269,0.07054912354611798,0.0,2.4640857400679175,2.399997151786495
5,6,2.616945101675707,0.10388867641569632,0.0,2.7113806051833063,2.6247838742869676
6,7,2.7493414691240163,0.13004226625315685,0.0,2.8623218425163697,2.759204756795768
7,8,2.793094653030743,0.14031813773408164,0.0,2.9132802268971245,2.8037404446164205
