,subsizes,<S>,<S^2>,<S>_typ,<S>_deg,<S>_all
0,1,0.661563238157982,2.7755575615628914e-16,0.0,0.661563238157982,0.661563238157982
1,2,1.2653506030327346,0.0029419709538458516,0.0,1.2732836510952752,1.2665895111135204
2,3,1.7959314808312707,0.01484940851394212,0.0,1.8141689970046215,1.798758044440837
3,4,2.2383052872368023,0.03990355964925296,0.0,2.2718724886194455,2.2435664237857007
4,5,2.586837473116284,0.07762259651903669,0.0,2.635861374780906,2.5947424580970586
5,6,2.8352481028743752,0.11929605596375836,0.0,2.89820093716567,2.8456599464221637
6,7,2.9834528744520195,0.15296255686610927,0.0,3.05683672573917,2.9956825116686425
7,8,3.0325684348229207,0.1660055261089255,0.0,3.108880911435793,3.0453366052318165
