,subsizes,<S>,<S^2>,<S>_typ,<S>_deg,<S>_all
0,1,0.6645344115683623,0.0016428908241888918,0.0,0.6615380258721455,0.6645453429480227
1,2,1.2808625746456213,0.009367463004178234,0.0,1.2825610716173794,1.2828458529659097
2,3,1.836348422511078,0.02884121779712201,0.0,1.8479301198706737,1.8414814334912046
3,4,2.3185282327636467,0.06431677093868071,0.0,2.3464594702589743,2.3284141306698065
4,5,2.722571597181044,0.1169806812454901,0.0,2.771865293899078,2.7382851339646384
5,6,3.0419538639880566,0.1811510453273133,0.0,3.115494689591314,3.0639841843049433
6,7,3.273712987939667,0.2464400548875929,0.0,3.370369260834046,3.30157774072246
7,8,3.4137069856074285,0.2960721277748224,0.0,3.5276853961346863,3.4458352598895585
8,9,3.460676035535289,0.31528800869631013,0.0,3.5813898842866227,3.4944903188076513
