,subsizes,<S>,<S^2>,<S>_typ
0,1,0.6645344115683623,0.0016428908241888918,0.0
1,2,1.2808625746456213,0.009367463004178234,0.0
2,3,1.836348422511078,0.02884121779712201,0.0
3,4,2.3185282327636467,0.06431677093868071,0.0
4,5,2.722571597181044,0.1169806812454901,0.0
5,6,3.0419538639880566,0.1811510453273133,0.0
6,7,3.273712987939667,0.2464400548875929,0.0
7,8,3.4137069856074285,0.2960721277748224,0.0
8,9,3.460676035535289,0.31528800869631013,0.0
