,subsizes,<S>,<S^2>,<S>_typ,<S>_deg,<S>_all
0,1,0.6645344115683623,0.0016428908241888918,0.0,0.6615380258721455,0.6645453429480227
1,2,1.2808625746456213,0.009367463004178234,0.0,1.2820350436249779,1.2828458529659097
2,3,1.836348422511078,0.02884121779712201,0.0,1.8467635708088648,1.8414814334912046
3,4,2.3185282327636467,0.06431677093868071,0.0,2.34462099780601,2.3284141306698065
4,5,2.722571597181044,0.1169806812454901,0.0,2.7694426481206533,2.7382851339646384
5,6,3.0419538639880566,0.1811510453273133,0.0,3.1127577708731446,3.0639841843049433
6,7,3.273712987939667,0.2464400548875929,0.0,3.367439930221307,3.30157774072246
7,8,3.4137069856074285,0.2960721277748224,0.0,3.524714040828514,3.4458352598895585
8,9,3.460676035535289,0.31528800869631013,0.0,3.578376301988516,3.4944903188076513
