,subsizes,<S>,<S^2>,<S>_typ
0,1,0.5297061990576548,-1.1102230246251565e-16,0.0
1,2,1.0025903564590297,0.0027135704674503547,0.0
2,3,1.404425719510747,0.012879245034930431,0.0
3,4,1.7301806622859721,0.0300539235611037,0.0
4,5,1.9839329850424772,0.05016857189521007,0.0
5,6,2.17430916539951,0.07070527493400025,0.0
6,7,2.306897944420427,0.08892798711258632,0.0
7,8,2.38520533288764,0.101963673599621,0.0
8,9,2.410965326405114,0.10680905546710928,0.0
