,subsizes,<S>,<S^2>,<S>_typ
0,1,0.6682484776645388,5.551115123125783e-17,0.0
1,2,1.2861320257573141,0.0022632126759818405,0.0
2,3,1.8408268355610393,0.011541935488387889,0.0
3,4,2.3194717841986465,0.031920521561643156,0.0
4,5,2.7170397763113607,0.0649853054993832,0.0
5,6,3.027719976750319,0.10684578464963757,0.0
6,7,3.2498030845651833,0.14965831975911748,0.0
7,8,3.3820479284359197,0.18197627673326622,0.0
8,9,3.4263677711245974,0.19472498672979555,0.0
