,subsizes,<S>,<S^2>,<S>_typ
0,1,0.636514168294813,-5.551115123125783e-17,0.0
1,2,1.2221373737193886,0.002349235602995936,0.0
2,3,1.7435670201912374,0.012050975217810844,0.0
3,4,2.1894560796141755,0.032479717048252255,0.0
4,5,2.555810603978595,0.06342806864834749,0.0
5,6,2.8390005430275487,0.09978534785745907,0.0
6,7,3.0393281675946264,0.134811346810098,0.0
7,8,3.1582164702814333,0.16047837253626618,0.0
8,9,3.1975795094207684,0.17024042008249296,0.0
