,subsizes,<S>,<S^2>,<S>_typ,<S>_deg,<S>_all
0,1,0.6365141682948131,-1.6653345369377348e-16,0.0,0.6365141682948131,0.6365141682948131
1,2,1.2233528769498303,0.0022159444471614442,0.0,1.228765058199837,1.2245266060862776
2,3,1.7477486769990984,0.011371641735612226,0.0,1.7622636338401905,1.7510610894595071
3,4,2.198166490577425,0.030995121968644845,0.0,2.2284587913608345,2.20473820083668
4,5,2.5703421138648315,0.061446058071355836,0.0,2.6217285268725417,2.581239356100111
5,6,2.859776645875102,0.09799661650550462,0.0,2.9353508833311697,2.8754719172218004
6,7,3.0656477355495135,0.13368526010535753,0.0,3.164388440848923,3.0858065977046
7,8,3.188453787121596,0.16021682798735348,0.0,3.3037996689864593,3.211756386221592
8,9,3.22914527848744,0.17027310815084462,0.0,3.3510183888067098,3.253651706327764
