,subsizes,<S>,<S^2>,<S>_typ,<S>_deg,<S>_all
0,1,0.6931471805599453,2.220446049250313e-16,0.0,0.6931471805599453,0.6931471805599453
1,2,1.350979311280405,0.0017290546385122507,0.0,1.3556751183795117,1.351449499939822
2,3,1.9608148915019912,0.008655369982871974,0.0,1.9761999570569024,1.9623296160437416
3,4,2.508682069225513,0.024128337177195647,0.0,2.5375491265062946,2.5115319680395816
4,5,2.9865655461544947,0.05080228207883408,0.0,3.034743363531471,2.9913363825823143
5,6,3.380472846693506,0.08757977902199165,0.0,3.454366197680446,3.3877453647489046
6,7,3.679182354982584,0.13010091270760604,0.0,3.7809993875411707,3.689167933772107
7,8,3.8661348440575325,0.16566723887179968,0.0,3.991193900921524,3.8783712112858484
8,9,3.930721023354007,0.18068577830903365,0.0,4.0651358551161945,3.9438714261656616
