,subsizes,<S>,<S^2>,<S>_typ
0,1,0.6869615765973235,5.551115123125783e-17,0.0
1,2,1.322794292946079,0.0024025936668783388,0.0
2,3,1.8953276867329778,0.012170138514248752,0.0
3,4,2.3913012514117753,0.03391122825144155,0.0
4,5,2.8057824875459616,0.07014646016418702,0.0
5,6,3.1321693276733393,0.11740813666709649,0.0
6,7,3.3678389804938527,0.16735417114004392,0.0
7,8,3.5092567036352955,0.2058920766132104,0.0
8,9,3.5560685254902027,0.22057274443483266,0.0
