,subsizes,<S>,<S^2>,<S>_typ
0,1,0.6365141682948131,-1.6653345369377348e-16,0.0
1,2,1.2233528769498303,0.0022159444471614442,0.0
2,3,1.7477486769990984,0.011371641735612226,0.0
3,4,2.198166490577425,0.030995121968644845,0.0
4,5,2.5703421138648315,0.061446058071355836,0.0
5,6,2.859776645875102,0.09799661650550462,0.0
6,7,3.0656477355495135,0.13368526010535753,0.0
7,8,3.188453787121596,0.16021682798735348,0.0
8,9,3.22914527848744,0.17027310815084462,0.0
