,subsizes,<S>,<S^2>,<S>_typ
0,1,0.6931471805599453,2.220446049250313e-16,0.0
1,2,1.350979311280405,0.0017290546385122507,0.0
2,3,1.9608148915019912,0.008655369982871974,0.0
3,4,2.508682069225513,0.024128337177195647,0.0
4,5,2.9865655461544947,0.05080228207883408,0.0
5,6,3.380472846693506,0.08757977902199165,0.0
6,7,3.679182354982584,0.13010091270760604,0.0
7,8,3.8661348440575325,0.16566723887179968,0.0
8,9,3.930721023354007,0.18068577830903365,0.0
