,subsizes,<S>,<S^2>,<S>_typ
0,1,0.6682484776645388,5.551115123125783e-17,0.0
1,2,1.2861083412741396,0.002261341501435865,0.0
2,3,1.8407403291680857,0.011537871932216781,0.0
3,4,2.3193166865446124,0.03191648295867733,0.0
4,5,2.716803574071939,0.06499252182932302,0.0
5,6,3.02741639619052,0.10686060622520621,0.0
6,7,3.2494404035021582,0.1496799246679661,0.0
7,8,3.3816596094003932,0.18200478607159098,0.0
8,9,3.425970657835729,0.194750044598214,0.0
