,subsizes,<S>,<S^2>,<S>_typ,<S>_deg,<S>_all
0,1,0.6869615765973235,5.551115123125783e-17,0.0,0.6869615765973235,0.6869615765973235
1,2,1.322794292946079,0.0024025936668783388,0.0,1.333030896391113,1.3268420851028848
2,3,1.8953276867329778,0.012170138514248752,0.0,1.922224486951571,1.9058482425552297
3,4,2.3913012514117753,0.03391122825144155,0.0,2.4432008070084827,2.411521662072118
4,5,2.8057824875459616,0.07014646016418702,0.0,2.8875620336400227,2.837672350674615
5,6,3.1321693276733393,0.11740813666709649,0.0,3.2454993949065583,3.1764223084408547
6,7,3.3678389804938527,0.16735417114004392,0.0,3.509835114155725,3.423353535477404
7,8,3.5092567036352955,0.2058920766132104,0.0,3.6720142418194297,3.572937906546289
8,9,3.5560685254902027,0.22057274443483266,0.0,3.7275480993421346,3.6231737858239597
