,subsizes,<S>,<S^2>,<S>_typ,<S>_deg,<S>_all
0,1,0.45056120886630496,5.551115123125783e-17,0.0,0.0358902923729287,0.45056120886630496
1,2,0.8409562233382776,0.002811411277766407,0.0,0.06895033969515443,0.8408660711255498
2,3,1.158654579797187,0.011217684398883376,0.0,0.09540171713031319,1.1579903856448754
3,4,1.4065712690913015,0.021467169924262564,0.0,0.1180581820370295,1.40512882041746
4,5,1.5996307841397237,0.03284406137243634,0.0,0.13760380694539331,1.5975730586691752
5,6,1.7449651169876068,0.04413817599421099,0.0,0.15279977521982033,1.7423870578671505
6,7,1.8462546923188958,0.05428382047516056,0.0,0.16416426145685553,1.8432806387602918
7,8,1.9061842621564724,0.061614067382282034,0.0,0.17017421687613038,1.902919153959741
8,9,1.9260134385289769,0.06443772494002165,0.0,0.17191498507058145,1.922638638866012
