,subsizes,<S>,<S^2>,<S>_typ
0,1,0.636514168294813,-5.551115123125783e-17,0.0
1,2,1.223377099877083,0.0022116986079783185,0.0
2,3,1.7477810704167493,0.01137011568827262,0.0
3,4,2.198165548693603,0.03102980038014902,0.0
4,5,2.5702609382479022,0.061548286800108265,0.0
5,6,2.859596521435502,0.09817420642291097,0.0
6,7,3.0653841704959692,0.1339306195696004,0.0
7,8,3.1881401583168287,0.1605190920936188,0.0
8,9,3.228822974465695,0.1706038205606344,0.0
