,subsizes,<S>,<S^2>,<S>_typ
0,1,0.5908422462755827,-5.551115123125783e-17,0.0
1,2,1.1279500956638169,0.002537974068550719,0.0
2,3,1.5974865724150664,0.012875769573822637,0.0
3,4,1.9899199406777976,0.033357343396568595,0.0
4,5,2.30413848859627,0.06175512922076187,0.0
5,6,2.541287335285913,0.09226544248158319,0.0
6,7,2.706794033015817,0.11998429801063004,0.0
7,8,2.804126163395747,0.13969441241100178,0.0
8,9,2.8362603938895843,0.1470770086951667,0.0
