,subsizes,<S>,<S^2>,<S>_typ
0,1,0.5297061990576548,-1.1102230246251565e-16,0.0
1,2,1.0025756210231227,0.00271201586531844,0.0
2,3,1.4044046310163358,0.012871877154231992,0.0
3,4,1.7301595277582313,0.030037105123704944,0.0
4,5,1.983916026881428,0.05014260058441922,0.0
5,6,2.1742931184687637,0.07067137032431425,0.0
6,7,2.306871541458699,0.08888906438145572,0.0
7,8,2.3851669771568162,0.10192281346310228,0.0
8,9,2.4109201546843715,0.10676845166685922,0.0
