,sizes,Kin,Kin2,Int,Kin_loc,Kin2_loc,Int_loc,Sq0
0,14,0.12854777834418288,0.5193525798736082,0.028925592143254377,0.034355838885349294,0.13880281548744217,0.00773068967925843,0.34834353921806643
1,16,0.12088528606216892,0.49849816822952364,0.02741962604553826,0.030221321515542195,0.1246245420573809,0.006854906511384432,0.32001591033694576
2,18,0.11473922812602358,0.4830441796487154,0.026070206094668532,0.02704429542534065,0.11385460501409991,0.006144806505490337,0.29637632798556457
3,20,0.11495467409007545,0.48256511799733626,0.026126265182770617,0.025704646559674162,0.10790484074122501,0.005842010494686074,0.2804968520110649
4,22,0.11299651663765928,0.4800731618163528,0.025681027895367237,0.02409093829283765,0.10235194200234948,0.005475213544040756,0.2657790709256652
