,sizes,Kin,Kin2,Int,Kin_loc,Kin2_loc,Int_loc,Sq0
0,14,0.0030539242981320186,0.04479149263852669,0.00014641387677830577,0.0002181374498665721,0.0031993923313233382,1.0458134055593266e-05,0.026436320371427385
1,16,0.003108443126934653,0.05102964090634658,0.00015943023035764286,0.00019427769543341506,0.0031893525566466584,9.9643893973526e-06,0.026926000060253138
2,18,0.002949657202433659,0.05012641614050815,0.0001514542477933949,0.00016386984457964846,0.002784800896694902,8.414124877410756e-06,0.02376233246985479
3,20,0.0028099251957572047,0.048885481381800336,0.0001451141575011725,0.00014049625978785948,0.002444274069090015,7.25570787505844e-06,0.021139396019331267
4,22,0.0027201747831207142,0.048125880714757846,0.0001405037579248425,0.00012364430832366926,0.002187540032489002,6.386534451129386e-06,0.018846428832340997
