,subsizes,<S>,<S^2>,<S>_typ
0,1,0.6560796241329805,0.002736611470877892,0.0
1,2,1.2511930084014116,0.01635608977824976,0.0
2,3,1.7659375292804433,0.050556542770421764,0.0
3,4,2.18210399848574,0.10788097186486922,0.0
4,5,2.4910553002920612,0.18072877950149202,0.0
5,6,2.6804943922085536,0.2446702198339068,0.0
6,7,2.745180829055833,0.272378875640368,0.0
