,subsizes,<S>,<S^2>,<S>_typ,<S>_deg,<S>_all
0,1,0.6560796241329805,0.002736611470877892,0.0,0.6240725217928002,0.6562349522576583
1,2,1.2483672920528965,0.01615921758110117,0.0,1.1982473984023334,1.2503499040307464
2,3,1.7585569028385108,0.04964322526339782,0.0,1.6981620919658071,1.763190982501107
3,4,2.1689581761833203,0.105663576966597,0.0,2.105036288498276,2.177212449472586
4,5,2.472429845774116,0.1770224652463055,0.0,2.413077880619168,2.48446512199593
5,6,2.657866328924623,0.23973544572893601,0.0,2.60671652418659,2.6729644363886633
6,7,2.720986664560641,0.2667979066499857,0.0,2.673062558155523,2.737403680952236
