,subsizes,<S>,<S^2>,<S>_typ,<S>_deg,<S>_all
0,1,0.6829081047004717,-5.551115123125783e-17,0.0,0.6829081047004717,0.6829081047004717
1,2,1.2986264005181851,0.0041945169228865264,0.0,1.3194767299786825,1.302559172748291
2,3,1.8291462585570057,0.020963944313318272,0.0,1.8816889448719976,1.8390842367342346
3,4,2.2548239498530482,0.05547195646567449,0.0,2.351649154935824,2.273225303711819
4,5,2.5680578322425056,0.10448889387564364,0.0,2.7084256486460316,2.5952990831991034
5,6,2.757823951439146,0.1493427685709623,0.0,2.931266724456432,2.791841255643296
6,7,2.8208769429540026,0.1684160505195047,0.0,3.0093380431554286,2.857966780909049
