,subsizes,<S>,<S^2>,<S>_typ,<S>_deg,<S>_all
0,1,0.41011631828840883,2.7755575615628914e-17,0.0,0.02796247624693697,0.42409755641187724
1,2,0.7311044113652724,0.004501823922285042,0.0,0.05429397546639634,0.7591903736903567
2,3,0.9492301517462812,0.009498491845085666,0.0,0.07777079769955281,0.993712678578958
3,4,1.1047899269728048,0.014752983858415947,0.0,0.09613105219734179,1.1637449906421582
4,5,1.2098637088296391,0.019535482640947288,0.0,0.10581148972945034,1.2792216633101743
5,6,1.2704509089697233,0.023092115474471875,0.0,0.11263355001916686,1.3471919147444709
6,7,1.2900616840785188,0.024584750617186124,0.0,0.11373913445436798,1.368725151950308
