,subsizes,<S>,<S^2>,<S>_typ
0,1,0.6517565611726531,5.551115123125783e-17,0.0
1,2,1.2357594923294126,0.0040175361172472,0.0
2,3,1.7327390456777603,0.019961372270291378,0.0
3,4,2.125106499759949,0.0510694183993472,0.0
4,5,2.4070401639437624,0.09200315197735254,0.0
5,6,2.5732595850318916,0.12674673034557138,0.0
6,7,2.6290760134809954,0.14152308807746028,0.0
