,subsizes,<S>,<S^2>,<S>_typ
0,1,0.5195798391305155,1.1102230246251565e-16,0.0
1,2,0.9628837303435932,0.004686803604385781,0.0
2,3,1.3109951806150215,0.019224875862878132,0.0
3,4,1.562494597120063,0.03727910139661361,0.0
4,5,1.7349632425202706,0.055768609887731024,0.0
5,6,1.8356688310996434,0.0706195997382495,0.0
6,7,1.8687888170901132,0.07653693129075911,0.0
