,subsizes,<S>,<S^2>,<S>_typ
0,1,0.6829081047004717,-5.551115123125783e-17,0.0
1,2,1.2986264005181851,0.0041945169228865264,0.0
2,3,1.8291462585570057,0.020963944313318272,0.0
3,4,2.2548239498530482,0.05547195646567449,0.0
4,5,2.5680578322425056,0.10448889387564364,0.0
5,6,2.757823951439146,0.1493427685709623,0.0
6,7,2.8208769429540026,0.1684160505195047,0.0
