,subsizes,<S>,<S^2>,<S>_typ
0,1,0.41011631828840917,0.0,0.0
1,2,0.7311044113652727,0.004501823922284598,0.0
2,3,0.9492301517462813,0.009498491845085444,0.0
3,4,1.1047899269728048,0.014752983858415725,0.0
4,5,1.209863708829639,0.01953548264094751,0.0
5,6,1.2704509089697233,0.023092115474471875,0.0
6,7,1.2900616840785188,0.02458475061718568,0.0
