,subsizes,<S>,<S^2>,<S>_typ
0,1,0.41011631828840883,2.7755575615628914e-17,0.0
1,2,0.7311044113652724,0.004501823922285042,0.0
2,3,0.9492301517462812,0.009498491845085666,0.0
3,4,1.1047899269728048,0.014752983858415947,0.0
4,5,1.2098637088296391,0.019535482640947288,0.0
5,6,1.2704509089697233,0.023092115474471875,0.0
6,7,1.2900616840785188,0.024584750617186124,0.0
