,subsizes,<S>,<S^2>,<S>_typ,<S>_deg,<S>_all
0,1,0.6517565611726531,5.551115123125783e-17,0.0,0.6517565611726531,0.6517565611726531
1,2,1.2358871391132613,0.004003255260089267,0.0,1.2430609391244092,1.23671879792451
2,3,1.732970618754466,0.019900761088008867,0.0,1.7467840284795295,1.734743956998573
3,4,2.1253784305321575,0.05091724487344784,0.0,2.1518830382371292,2.1287608928267705
4,5,2.407237736206683,0.09172087090842762,0.0,2.4456465814406263,2.4121022890017634
5,6,2.573342894478858,0.12632506853815695,0.0,2.625064597203222,2.579728137065417
6,7,2.629193688207601,0.14108471836395875,0.0,2.6844946702242605,2.636016032463283
