,subsizes,<S>,<S^2>,<S>_typ
0,1,0.6931471805599453,-1.1102230246251565e-16,0.0
1,2,1.3400360499443584,0.0028596259991555684,0.0
2,3,1.923369396104563,0.014027280287698396,0.0
3,4,2.4190462786741427,0.037928979132524354,0.0
4,5,2.8096538832288545,0.07596100099261172,0.0
5,6,3.062379355139851,0.11584562222912709,0.0
6,7,3.153334718318687,0.13637669152307375,0.0
