,subsizes,<S>,<S^2>,<S>_typ,<S>_deg,<S>_all
0,1,0.6829081047004717,-5.551115123125783e-17,0.0,0.6829081047004717,0.6829081047004717
1,2,1.298886580367336,0.004140533850651051,0.0,1.3144565281404446,1.3025626790164084
2,3,1.829384622493498,0.02079409486968764,0.0,1.8713440228083187,1.8390617019461928
3,4,2.2549039771317356,0.05512840697946331,0.0,2.334315725851605,2.273206315284803
4,5,2.5680484480208374,0.10391011299374142,0.0,2.687819322287331,2.595306525200344
5,6,2.7577087942951697,0.14849888283153145,0.0,2.9087304797027898,2.7918820824607335
6,7,2.8206536044316133,0.16737697531616647,0.0,2.9862153877369835,2.857982727895779
