,subsizes,<S>,<S^2>,<S>_typ
0,1,0.5195798391305154,0.0,0.0
1,2,0.9628837303435932,0.004686803604385781,0.0
2,3,1.3109951806150217,0.01922487586287769,0.0
3,4,1.5624945971200632,0.03727910139661361,0.0
4,5,1.7349632425202701,0.055768609887733245,0.0
5,6,1.8356688310996436,0.07061959973824994,0.0
6,7,1.8687888170901135,0.07653693129075911,0.0
