,sizes,Kin,Kin2,Int,Kin_loc,Kin2_loc,Int_loc,Sq0,jE
0,10,0.04119897440409319,0.19397852019790182,0.01618753140020835,0.10643981285222741,0.09815737155613832,0.008233919416936115,0.08700045832908429,0.0
1,12,0.03982147307789555,0.1869465488237657,0.015366248750279398,0.08798985787088721,0.08212870268073352,0.006204178048647486,0.0786401296939872,0.0
2,14,0.03742596044244508,0.1826033828511651,0.01437551779692817,0.08289942509741466,0.0692948057613687,0.005720562721634287,0.07156832873111926,0.0
3,16,0.03693938914961761,0.18180863031658967,0.014037636060375603,0.0714377494642073,0.06199373454923877,0.004701485036640665,0.06736353885746525,0.0
4,18,0.03671587404036034,0.1802230862048017,0.013729347585656596,0.06803153488038996,0.055777249758250755,0.004549311461531487,0.06316980227352599,0.0
5,20,0.036898432431000126,0.1795747793114339,0.013545823740225782,0.06050384023972889,0.05143893482366429,0.003927871649279617,0.05986637597302938,0.0
