,sizes,Kin,Kin2,Int,Kin_loc,Kin2_loc,Int_loc,Sq0
0,10,0.08239794880818645,0.3879570403958066,0.03237506280041668,0.21287962570445254,0.19631474311228075,0.01646783883387216,0.17400091665816794
1,12,0.07964294615579118,0.37389309764754197,0.030732497500558852,0.175979715741772,0.16425740536146416,0.012408356097296626,0.1572802593879617
2,14,0.07485192088489015,0.3652067657023206,0.028751035593856285,0.16579885019483542,0.13858961152274735,0.0114411254432677,0.1431366574622377
3,16,0.07387877829923521,0.36361726063341115,0.028075272120751105,0.1428754989284008,0.1239874690984977,0.009402970073240771,0.1347270777150877
4,18,0.07343174808072049,0.3604461724096608,0.02745869517131313,0.13606306976074545,0.11155449951652721,0.00909862292305566,0.12633960454712884
5,20,0.07379686486199774,0.3591495586230036,0.027091647480451016,0.12100768047954646,0.10287786964726883,0.007855743298562408,0.1197327519459318
