,sizes,Kin,Kin2,Int,Kin_loc,Kin2_loc,Int_loc,Sq0,jE
0,10,0.00557106371259222,0.1389929177886882,0.10970046386289072,0.0170269713885095,0.014406986984537544,0.0015474939826268393,0.024354813839883565,0.0
1,12,0.004880994661149928,0.13095547216561398,0.09949911923473717,0.011317879830950306,0.010583787861463929,0.0009309219456161593,0.021891370517331532,0.0
2,14,0.004533143174531365,0.1208002874637917,0.0903284643170201,0.010371040108466179,0.007435937272649646,0.0008158827200704438,0.017998026045274725,0.0
3,16,0.004431532138814896,0.11678772968424311,0.0845456012922467,0.00774018683090952,0.005939886206922654,0.0005500693865891747,0.01566781487863425,0.0
4,18,0.004399608797318826,0.11360832614878036,0.08054576688463713,0.007081919422940514,0.00482155651210477,0.0005144673039074136,0.013743054728091515,0.0
5,20,0.00440661898466887,0.11149793286664497,0.07764316174237061,0.005585049951053256,0.0041095695647704635,0.0003835292093339724,0.01224015564924157,0.0
