,sizes,Kin,Kin2,Int,Kin_loc,Kin2_loc,Int_loc,Sq0
0,10,0.002527504974518197,0.05606646951767442,0.00038679181589727226,0.01703973346498514,0.014374364676588848,9.593520112628886e-05,0.012286365690051471
1,12,0.0022378051506147566,0.054608109130500904,0.0003579936463129111,0.011441525909091046,0.010560882164291218,5.8270909780970736e-05,0.01095349508084783
2,14,0.002110757707249194,0.05181473160499103,0.00032789619479400384,0.010368410646255082,0.007441494824820945,5.102890456431214e-05,0.009003463585890825
3,16,0.0020769620877208544,0.05109431178551177,0.000309570473849871,0.007739273549928755,0.005940165777081029,3.438022636899425e-05,0.007834896934588826
4,18,0.0020779552683993906,0.05049393728796557,0.0002971822671923662,0.0070818045456373085,0.00482157303140196,3.215578690148518e-05,0.006871995582419644
5,20,0.00209313441652825,0.05017420257108697,0.00028812958243347345,0.005585025993622746,0.004109543050698067,2.397053878002632e-05,0.006120110517687901
